,popularity,year,variable,value
0,77,2000,pop,1.0
1,79,1999,pop,1.0
2,66,1999,pop,1.0
4,65,2000,pop,1.0
5,69,1999,pop,1.0
7,68,2000,pop,1.0
8,75,1999,pop,1.0
10,1,2011,pop,1.0
11,56,1999,pop,1.0
12,55,2000,pop,1.0
13,62,1999,pop,1.0
14,61,1999,pop,1.0
15,53,2002,pop,1.0
16,64,1999,pop,1.0
17,73,2000,pop,1.0
18,64,1999,pop,1.0
22,62,2000,pop,1.0
24,54,1999,pop,1.0
26,69,2001,pop,1.0
27,53,2000,pop,1.0
28,54,2000,pop,1.0
30,71,1999,pop,1.0
31,49,2000,pop,1.0
32,58,2000,pop,1.0
34,58,1999,pop,1.0
35,59,1999,pop,1.0
36,55,2000,pop,1.0
38,61,2001,pop,1.0
39,55,2000,pop,1.0
40,54,1999,pop,1.0
41,66,2000,pop,1.0
42,36,2000,pop,1.0
44,49,1998,pop,1.0
45,68,1999,pop,1.0
46,43,2018,pop,1.0
47,59,2000,pop,1.0
49,52,2004,pop,1.0
50,47,2001,pop,1.0
51,60,2000,pop,1.0
52,55,2000,pop,1.0
53,60,1999,pop,1.0
55,59,1999,pop,1.0
57,63,1999,pop,1.0
58,65,2001,pop,1.0
60,58,2010,pop,1.0
61,52,2000,pop,1.0
62,0,2011,pop,1.0
63,60,2000,pop,1.0
64,61,1999,pop,1.0
65,58,2000,pop,1.0
67,55,2000,pop,1.0
68,70,2000,pop,1.0
70,55,2000,pop,1.0
71,55,2000,pop,1.0
72,58,2000,pop,1.0
73,59,2000,pop,1.0
75,70,1999,pop,1.0
76,64,1999,pop,1.0
77,78,2000,pop,1.0
78,52,2000,pop,1.0
79,57,2000,pop,1.0
80,49,2000,pop,1.0
81,57,1999,pop,1.0
82,54,1999,pop,1.0
83,68,2000,pop,1.0
84,62,2000,pop,1.0
85,65,2001,pop,1.0
86,60,2000,pop,1.0
88,56,1999,pop,1.0
89,54,2000,pop,1.0
90,60,2001,pop,1.0
91,70,2000,pop,1.0
92,64,1999,pop,1.0
93,68,2000,pop,1.0
94,65,2000,pop,1.0
96,64,1999,pop,1.0
97,69,1999,pop,1.0
98,65,2000,pop,1.0
99,68,2000,pop,1.0
100,76,2000,pop,1.0
101,70,2001,pop,1.0
103,73,2001,pop,1.0
104,68,2001,pop,1.0
105,1,2000,pop,1.0
106,74,2001,pop,1.0
107,78,2001,pop,1.0
108,77,2001,pop,1.0
109,62,2001,pop,1.0
110,71,2001,pop,1.0
111,69,2001,pop,1.0
112,62,2001,pop,1.0
113,57,2001,pop,1.0
114,76,2001,pop,1.0
115,53,2015,pop,1.0
117,65,2001,pop,1.0
119,54,2001,pop,1.0
120,57,2001,pop,1.0
121,63,2001,pop,1.0
122,43,2001,pop,1.0
124,64,2001,pop,1.0
125,73,2001,pop,1.0
126,0,2001,pop,1.0
127,50,2002,pop,1.0
130,82,2000,pop,1.0
131,50,2001,pop,1.0
132,42,2001,pop,1.0
133,73,1999,pop,1.0
134,57,2000,pop,1.0
136,57,2001,pop,1.0
137,68,2001,pop,1.0
138,52,2008,pop,1.0
139,60,2001,pop,1.0
143,48,2000,pop,1.0
144,61,2001,pop,1.0
145,67,2001,pop,1.0
146,65,2001,pop,1.0
147,55,2001,pop,1.0
148,63,2001,pop,1.0
149,47,2001,pop,1.0
152,57,2001,pop,1.0
153,68,2001,pop,1.0
154,26,2016,pop,1.0
155,53,2000,pop,1.0
156,58,2001,pop,1.0
157,58,2001,pop,1.0
158,67,2001,pop,1.0
160,63,2001,pop,1.0
161,60,2000,pop,1.0
162,1,2000,pop,1.0
164,46,2004,pop,1.0
165,56,2000,pop,1.0
166,60,2001,pop,1.0
168,60,2001,pop,1.0
169,58,2000,pop,1.0
170,64,2001,pop,1.0
171,53,2000,pop,1.0
172,56,2001,pop,1.0
173,68,2000,pop,1.0
174,46,2002,pop,1.0
176,65,2001,pop,1.0
177,66,2001,pop,1.0
178,64,2001,pop,1.0
179,65,2001,pop,1.0
181,66,2001,pop,1.0
182,0,2000,pop,1.0
184,48,2001,pop,1.0
185,0,2001,pop,1.0
186,54,2000,pop,1.0
187,60,2001,pop,1.0
188,75,2000,pop,1.0
189,59,2001,pop,1.0
190,68,2001,pop,1.0
192,69,2001,pop,1.0
194,30,2019,pop,1.0
196,56,2000,pop,1.0
197,65,2001,pop,1.0
198,45,2001,pop,1.0
199,61,2000,pop,1.0
200,77,2002,pop,1.0
202,78,2002,pop,1.0
203,75,2002,pop,1.0
204,72,2001,pop,1.0
205,64,2001,pop,1.0
206,27,2001,pop,1.0
207,58,2002,pop,1.0
208,68,2002,pop,1.0
210,69,2004,pop,1.0
211,60,2001,pop,1.0
212,53,2003,pop,1.0
213,53,2002,pop,1.0
214,40,2019,pop,1.0
217,0,2019,pop,1.0
218,54,2002,pop,1.0
219,59,2002,pop,1.0
221,43,2002,pop,1.0
223,61,2001,pop,1.0
224,46,2013,pop,1.0
225,49,2001,pop,1.0
226,42,2002,pop,1.0
227,52,2002,pop,1.0
228,60,2002,pop,1.0
229,55,2001,pop,1.0
230,59,2001,pop,1.0
231,47,2013,pop,1.0
232,58,2002,pop,1.0
233,59,2002,pop,1.0
234,59,2015,pop,1.0
235,64,2002,pop,1.0
236,55,2000,pop,1.0
237,75,2002,pop,1.0
238,53,2003,pop,1.0
239,68,2002,pop,1.0
240,49,2002,pop,1.0
241,45,2002,pop,1.0
243,73,2001,pop,1.0
244,43,2019,pop,1.0
245,26,2001,pop,1.0
246,2,2002,pop,1.0
248,58,2002,pop,1.0
249,59,2002,pop,1.0
250,53,2001,pop,1.0
251,47,2002,pop,1.0
252,55,2001,pop,1.0
253,58,2002,pop,1.0
254,35,2003,pop,1.0
255,63,2005,pop,1.0
256,45,2001,pop,1.0
257,24,2001,pop,1.0
258,55,2002,pop,1.0
259,62,2002,pop,1.0
260,62,2002,pop,1.0
261,32,2001,pop,1.0
262,53,2001,pop,1.0
264,61,2002,pop,1.0
265,54,2003,pop,1.0
266,68,2001,pop,1.0
267,52,2001,pop,1.0
268,56,2002,pop,1.0
269,79,2002,pop,1.0
270,70,2002,pop,1.0
271,60,2002,pop,1.0
272,64,2002,pop,1.0
273,69,2001,pop,1.0
274,73,2001,pop,1.0
275,70,2002,pop,1.0
276,75,2002,pop,1.0
277,63,2002,pop,1.0
278,58,2001,pop,1.0
279,67,2002,pop,1.0
282,65,2002,pop,1.0
283,50,2001,pop,1.0
284,64,2001,pop,1.0
285,57,2002,pop,1.0
286,59,2001,pop,1.0
287,47,2015,pop,1.0
288,56,2002,pop,1.0
290,60,2001,pop,1.0
292,40,2001,pop,1.0
293,60,2001,pop,1.0
294,58,2002,pop,1.0
295,56,2001,pop,1.0
297,72,2002,pop,1.0
298,51,2001,pop,1.0
299,60,2001,pop,1.0
300,81,2003,pop,1.0
301,74,2002,pop,1.0
303,76,2003,pop,1.0
304,50,2003,pop,1.0
305,68,2003,pop,1.0
306,70,2002,pop,1.0
307,56,2003,pop,1.0
308,39,2020,pop,1.0
309,66,2003,pop,1.0
310,68,2002,pop,1.0
312,59,2004,pop,1.0
314,76,2003,pop,1.0
315,69,2003,pop,1.0
317,70,2007,pop,1.0
319,57,2003,pop,1.0
320,59,2002,pop,1.0
322,47,2002,pop,1.0
323,62,2003,pop,1.0
324,73,2003,pop,1.0
325,36,2002,pop,1.0
326,59,2003,pop,1.0
327,57,2004,pop,1.0
328,54,2003,pop,1.0
329,76,2002,pop,1.0
331,54,2003,pop,1.0
332,63,2003,pop,1.0
333,47,2019,pop,1.0
334,61,2002,pop,1.0
336,48,2003,pop,1.0
337,50,2003,pop,1.0
339,58,2008,pop,1.0
340,61,2003,pop,1.0
341,58,2003,pop,1.0
342,52,2016,pop,1.0
346,58,2003,pop,1.0
347,57,2003,pop,1.0
348,67,2003,pop,1.0
349,69,2003,pop,1.0
351,48,2003,pop,1.0
352,48,2003,pop,1.0
353,72,2003,pop,1.0
354,61,2002,pop,1.0
355,57,2002,pop,1.0
356,60,2003,pop,1.0
357,59,2003,pop,1.0
358,67,2002,pop,1.0
359,49,2003,pop,1.0
360,67,2005,pop,1.0
361,57,2002,pop,1.0
362,59,2003,pop,1.0
364,38,2003,pop,1.0
365,57,2003,pop,1.0
367,67,2002,pop,1.0
368,60,2002,pop,1.0
369,73,2002,pop,1.0
370,57,2003,pop,1.0
371,60,2003,pop,1.0
372,48,2003,pop,1.0
374,79,2002,pop,1.0
375,54,2002,pop,1.0
376,70,2002,pop,1.0
377,65,2003,pop,1.0
378,67,2002,pop,1.0
380,61,2002,pop,1.0
381,55,2002,pop,1.0
382,60,2002,pop,1.0
383,64,2003,pop,1.0
384,44,2003,pop,1.0
386,61,2003,pop,1.0
387,61,2003,pop,1.0
388,47,2003,pop,1.0
389,61,2002,pop,1.0
390,63,2002,pop,1.0
391,66,2003,pop,1.0
392,67,2003,pop,1.0
393,61,2003,pop,1.0
394,58,2002,pop,1.0
398,70,2002,pop,1.0
399,55,2003,pop,1.0
400,81,2004,pop,1.0
401,77,2002,pop,1.0
402,81,2003,pop,1.0
403,80,2003,pop,1.0
404,79,2003,pop,1.0
405,65,2004,pop,1.0
407,53,2004,pop,1.0
408,56,2004,pop,1.0
410,56,1999,pop,1.0
411,60,2004,pop,1.0
412,56,2004,pop,1.0
414,59,2004,pop,1.0
415,63,2003,pop,1.0
417,61,2004,pop,1.0
418,16,2004,pop,1.0
419,73,2004,pop,1.0
420,42,2004,pop,1.0
421,66,2016,pop,1.0
422,61,2004,pop,1.0
423,72,2004,pop,1.0
424,67,2004,pop,1.0
425,63,2003,pop,1.0
426,56,2004,pop,1.0
429,53,2004,pop,1.0
430,67,2004,pop,1.0
431,73,2003,pop,1.0
432,56,2003,pop,1.0
434,70,2004,pop,1.0
435,61,2004,pop,1.0
436,33,2004,pop,1.0
437,49,2003,pop,1.0
438,61,2003,pop,1.0
439,37,2003,pop,1.0
440,68,2003,pop,1.0
442,49,2005,pop,1.0
443,45,2004,pop,1.0
444,56,2003,pop,1.0
446,58,2003,pop,1.0
447,39,2004,pop,1.0
448,68,2002,pop,1.0
450,57,2004,pop,1.0
451,0,2003,pop,1.0
453,61,2003,pop,1.0
454,63,2004,pop,1.0
456,47,2004,pop,1.0
457,66,2004,pop,1.0
459,63,2003,pop,1.0
462,59,2001,pop,1.0
463,61,2003,pop,1.0
464,42,2004,pop,1.0
467,57,2004,pop,1.0
469,60,2003,pop,1.0
470,58,2004,pop,1.0
471,72,2004,pop,1.0
473,57,2003,pop,1.0
474,43,2004,pop,1.0
475,55,2003,pop,1.0
477,61,2004,pop,1.0
478,48,2003,pop,1.0
479,68,2004,pop,1.0
480,44,2003,pop,1.0
482,62,2003,pop,1.0
483,74,2002,pop,1.0
485,56,2004,pop,1.0
486,55,2003,pop,1.0
487,76,2004,pop,1.0
488,59,2004,pop,1.0
491,64,2003,pop,1.0
492,66,2003,pop,1.0
493,59,2004,pop,1.0
494,57,2003,pop,1.0
496,65,2001,pop,1.0
497,56,2004,pop,1.0
498,55,2003,pop,1.0
499,61,2003,pop,1.0
500,69,2005,pop,1.0
501,72,2004,pop,1.0
503,77,2005,pop,1.0
504,79,2005,pop,1.0
505,75,2005,pop,1.0
507,72,2005,pop,1.0
508,74,2005,pop,1.0
509,28,2004,pop,1.0
510,74,2005,pop,1.0
511,76,2005,pop,1.0
512,67,2005,pop,1.0
514,59,2005,pop,1.0
515,68,2004,pop,1.0
517,73,2005,pop,1.0
518,72,2005,pop,1.0
519,74,2005,pop,1.0
520,71,2005,pop,1.0
521,0,2005,pop,1.0
522,67,2005,pop,1.0
523,61,2004,pop,1.0
524,60,2005,pop,1.0
525,4,2005,pop,1.0
526,65,2005,pop,1.0
528,77,2005,pop,1.0
530,62,2005,pop,1.0
531,21,2004,pop,1.0
533,64,2005,pop,1.0
534,55,2005,pop,1.0
536,72,2005,pop,1.0
538,54,2004,pop,1.0
539,58,2005,pop,1.0
540,52,2005,pop,1.0
541,50,2004,pop,1.0
542,63,2005,pop,1.0
543,67,2005,pop,1.0
544,56,2005,pop,1.0
546,65,2005,pop,1.0
547,63,2005,pop,1.0
548,63,2005,pop,1.0
550,39,2004,pop,1.0
551,41,2005,pop,1.0
552,63,2004,pop,1.0
553,52,2005,pop,1.0
554,52,2008,pop,1.0
555,59,2004,pop,1.0
557,52,2005,pop,1.0
558,69,2004,pop,1.0
559,59,2005,pop,1.0
561,50,2003,pop,1.0
563,56,2005,pop,1.0
564,60,2005,pop,1.0
565,66,2004,pop,1.0
566,0,2005,pop,1.0
567,57,2005,pop,1.0
568,34,2020,pop,1.0
569,66,2005,pop,1.0
571,59,2004,pop,1.0
572,61,2005,pop,1.0
573,1,2005,pop,1.0
574,62,2005,pop,1.0
577,1,2006,pop,1.0
578,62,2005,pop,1.0
580,61,2004,pop,1.0
581,71,2004,pop,1.0
582,52,2012,pop,1.0
584,0,2005,pop,1.0
585,58,2004,pop,1.0
586,67,2005,pop,1.0
587,62,2004,pop,1.0
588,69,2005,pop,1.0
590,61,2004,pop,1.0
591,69,2005,pop,1.0
592,71,2005,pop,1.0
593,55,2004,pop,1.0
594,71,2004,pop,1.0
596,65,2005,pop,1.0
598,59,2004,pop,1.0
600,82,2005,pop,1.0
601,78,2005,pop,1.0
602,78,2006,pop,1.0
603,70,2007,pop,1.0
605,73,2006,pop,1.0
607,61,2006,pop,1.0
608,79,2006,pop,1.0
609,69,2006,pop,1.0
610,55,2006,pop,1.0
611,61,2005,pop,1.0
612,71,2005,pop,1.0
613,75,2005,pop,1.0
614,82,2006,pop,1.0
615,39,2015,pop,1.0
616,58,2006,pop,1.0
617,68,2005,pop,1.0
618,59,2006,pop,1.0
620,65,2006,pop,1.0
622,63,2005,pop,1.0
623,57,2004,pop,1.0
624,73,2006,pop,1.0
625,63,2006,pop,1.0
626,57,2005,pop,1.0
627,67,2006,pop,1.0
628,40,2006,pop,1.0
630,66,2006,pop,1.0
631,1,2006,pop,1.0
632,72,2006,pop,1.0
634,60,2005,pop,1.0
635,64,2006,pop,1.0
636,57,2006,pop,1.0
637,0,2011,pop,1.0
638,63,2005,pop,1.0
639,42,2006,pop,1.0
640,57,2007,pop,1.0
641,0,2006,pop,1.0
643,50,2006,pop,1.0
644,49,2005,pop,1.0
646,69,2005,pop,1.0
647,49,2012,pop,1.0
648,70,2006,pop,1.0
650,60,2006,pop,1.0
652,62,2006,pop,1.0
655,57,2007,pop,1.0
656,64,2006,pop,1.0
657,62,2006,pop,1.0
658,37,2006,pop,1.0
659,56,2006,pop,1.0
662,45,2006,pop,1.0
663,72,2005,pop,1.0
664,68,2006,pop,1.0
665,67,2006,pop,1.0
666,48,2006,pop,1.0
667,64,2005,pop,1.0
668,62,2005,pop,1.0
672,63,2006,pop,1.0
673,75,2006,pop,1.0
674,35,2019,pop,1.0
677,42,2005,pop,1.0
678,67,2005,pop,1.0
680,67,2005,pop,1.0
681,63,2006,pop,1.0
682,0,2006,pop,1.0
683,59,2006,pop,1.0
684,46,2006,pop,1.0
685,0,2005,pop,1.0
686,64,2005,pop,1.0
687,2,2004,pop,1.0
688,67,2006,pop,1.0
689,64,2006,pop,1.0
690,35,2006,pop,1.0
691,79,2005,pop,1.0
692,61,2006,pop,1.0
694,59,2006,pop,1.0
695,65,2005,pop,1.0
696,49,2006,pop,1.0
697,69,2005,pop,1.0
698,0,2006,pop,1.0
700,75,2007,pop,1.0
701,81,2008,pop,1.0
702,79,2007,pop,1.0
703,76,2006,pop,1.0
704,0,2007,pop,1.0
705,78,2005,pop,1.0
706,70,2006,pop,1.0
707,71,2006,pop,1.0
708,80,2007,pop,1.0
709,81,2006,pop,1.0
712,65,2007,pop,1.0
713,58,2006,pop,1.0
714,70,2007,pop,1.0
715,67,2007,pop,1.0
716,0,2007,pop,1.0
717,0,2015,pop,1.0
718,68,2006,pop,1.0
720,64,2007,pop,1.0
721,59,2007,pop,1.0
722,53,2006,pop,1.0
723,74,2007,pop,1.0
724,59,2006,pop,1.0
725,0,2006,pop,1.0
726,69,2008,pop,1.0
727,62,2007,pop,1.0
731,60,2007,pop,1.0
732,68,2007,pop,1.0
733,61,2007,pop,1.0
735,66,2006,pop,1.0
736,59,2007,pop,1.0
737,62,2007,pop,1.0
739,64,2006,pop,1.0
741,72,2006,pop,1.0
742,64,2006,pop,1.0
745,57,2007,pop,1.0
746,66,2007,pop,1.0
747,75,2007,pop,1.0
748,74,2007,pop,1.0
749,45,2016,pop,1.0
750,48,2013,pop,1.0
751,70,2007,pop,1.0
753,3,2007,pop,1.0
754,59,2006,pop,1.0
755,63,2006,pop,1.0
756,57,2006,pop,1.0
757,57,2007,pop,1.0
760,57,2006,pop,1.0
763,58,2007,pop,1.0
764,56,2006,pop,1.0
765,45,2007,pop,1.0
767,36,2005,pop,1.0
768,62,2007,pop,1.0
770,72,2007,pop,1.0
771,30,2019,pop,1.0
772,52,2006,pop,1.0
774,61,2007,pop,1.0
776,46,2007,pop,1.0
777,57,2006,pop,1.0
778,0,2006,pop,1.0
779,74,2006,pop,1.0
780,69,2006,pop,1.0
781,66,2006,pop,1.0
782,78,2007,pop,1.0
783,52,2006,pop,1.0
784,68,2007,pop,1.0
785,76,2005,pop,1.0
787,2,2007,pop,1.0
788,61,2007,pop,1.0
789,68,2007,pop,1.0
790,57,2007,pop,1.0
791,57,2006,pop,1.0
792,53,2007,pop,1.0
795,62,2007,pop,1.0
796,58,2007,pop,1.0
797,64,2007,pop,1.0
799,51,2006,pop,1.0
800,80,2008,pop,1.0
801,73,2008,pop,1.0
802,74,2008,pop,1.0
803,77,2007,pop,1.0
804,74,2007,pop,1.0
805,71,2008,pop,1.0
806,70,2007,pop,1.0
807,66,2008,pop,1.0
808,75,2008,pop,1.0
809,70,2007,pop,1.0
810,65,2007,pop,1.0
811,76,2008,pop,1.0
813,61,2007,pop,1.0
814,69,2008,pop,1.0
815,63,2008,pop,1.0
817,71,2009,pop,1.0
818,73,2008,pop,1.0
819,77,2008,pop,1.0
820,56,2007,pop,1.0
821,69,2008,pop,1.0
822,76,2008,pop,1.0
823,65,2008,pop,1.0
824,34,2010,pop,1.0
825,69,2008,pop,1.0
826,57,2008,pop,1.0
827,72,2008,pop,1.0
828,46,2007,pop,1.0
829,74,2007,pop,1.0
830,64,2007,pop,1.0
831,75,2008,pop,1.0
832,65,2008,pop,1.0
833,69,2008,pop,1.0
834,61,2008,pop,1.0
835,0,2007,pop,1.0
836,65,2008,pop,1.0
837,68,2007,pop,1.0
839,51,2008,pop,1.0
840,68,2011,pop,1.0
843,66,2007,pop,1.0
844,64,2008,pop,1.0
845,65,2008,pop,1.0
846,62,2008,pop,1.0
847,78,2008,pop,1.0
852,60,2008,pop,1.0
853,57,2008,pop,1.0
854,76,2008,pop,1.0
856,54,2008,pop,1.0
857,1,2007,pop,1.0
858,56,2008,pop,1.0
859,47,2007,pop,1.0
860,0,2008,pop,1.0
862,55,2007,pop,1.0
863,58,2008,pop,1.0
865,62,2007,pop,1.0
867,71,2008,pop,1.0
868,53,2008,pop,1.0
870,51,2008,pop,1.0
871,61,2008,pop,1.0
872,70,2008,pop,1.0
873,62,2007,pop,1.0
874,67,2007,pop,1.0
875,74,2008,pop,1.0
876,62,2007,pop,1.0
877,59,2007,pop,1.0
878,63,2009,pop,1.0
879,64,2007,pop,1.0
880,56,2007,pop,1.0
881,80,2008,pop,1.0
884,69,2008,pop,1.0
885,67,2008,pop,1.0
886,58,2007,pop,1.0
887,51,2008,pop,1.0
888,54,2007,pop,1.0
889,63,2008,pop,1.0
890,1,2008,pop,1.0
891,60,2008,pop,1.0
892,55,2008,pop,1.0
893,68,2008,pop,1.0
894,64,2007,pop,1.0
895,74,2008,pop,1.0
896,1,2008,pop,1.0
897,67,2007,pop,1.0
898,58,2006,pop,1.0
899,0,2008,pop,1.0
900,80,2009,pop,1.0
901,77,2008,pop,1.0
902,74,2008,pop,1.0
903,75,2010,pop,1.0
904,74,2009,pop,1.0
905,74,2008,pop,1.0
906,63,2009,pop,1.0
907,74,2008,pop,1.0
908,69,2008,pop,1.0
909,75,2009,pop,1.0
910,57,2009,pop,1.0
911,72,2009,pop,1.0
914,76,2008,pop,1.0
915,69,2008,pop,1.0
916,59,2009,pop,1.0
917,66,2009,pop,1.0
918,48,2008,pop,1.0
919,65,2009,pop,1.0
920,68,2009,pop,1.0
921,68,2009,pop,1.0
922,70,2008,pop,1.0
924,65,2009,pop,1.0
925,67,2009,pop,1.0
926,63,2009,pop,1.0
928,66,2008,pop,1.0
930,80,2009,pop,1.0
931,75,2008,pop,1.0
933,38,2011,pop,1.0
934,58,2009,pop,1.0
935,64,2009,pop,1.0
936,59,2008,pop,1.0
938,3,2009,pop,1.0
939,41,2008,pop,1.0
940,69,2010,pop,1.0
941,65,2009,pop,1.0
942,76,2008,pop,1.0
944,46,2010,pop,1.0
945,59,2009,pop,1.0
946,54,2009,pop,1.0
947,0,2009,pop,1.0
948,70,2008,pop,1.0
950,64,2008,pop,1.0
951,65,2008,pop,1.0
952,57,2009,pop,1.0
953,51,2009,pop,1.0
954,73,2009,pop,1.0
955,63,2009,pop,1.0
957,58,2005,pop,1.0
958,59,2009,pop,1.0
959,70,2010,pop,1.0
960,54,2009,pop,1.0
961,68,2008,pop,1.0
962,71,2009,pop,1.0
963,77,2008,pop,1.0
964,65,2009,pop,1.0
966,71,2009,pop,1.0
968,55,2009,pop,1.0
969,71,2009,pop,1.0
970,65,2008,pop,1.0
971,59,2009,pop,1.0
974,70,2008,pop,1.0
975,74,2008,pop,1.0
976,60,2011,pop,1.0
977,67,2008,pop,1.0
978,64,2009,pop,1.0
979,62,2009,pop,1.0
980,74,2009,pop,1.0
981,39,2013,pop,1.0
983,67,2009,pop,1.0
984,53,2009,pop,1.0
986,54,2010,pop,1.0
987,56,2009,pop,1.0
988,79,2009,pop,1.0
989,57,2009,pop,1.0
990,64,2008,pop,1.0
992,57,2009,pop,1.0
993,55,2008,pop,1.0
995,62,2009,pop,1.0
996,49,2008,pop,1.0
997,68,2009,pop,1.0
998,68,2009,pop,1.0
999,73,2009,pop,1.0
1000,77,2010,pop,1.0
1002,80,2009,pop,1.0
1003,77,2010,pop,1.0
1004,80,2010,pop,1.0
1005,76,2010,pop,1.0
1006,80,2010,pop,1.0
1007,73,2010,pop,1.0
1008,72,2012,pop,1.0
1009,68,2010,pop,1.0
1010,42,2010,pop,1.0
1011,73,2010,pop,1.0
1012,62,2010,pop,1.0
1015,67,2009,pop,1.0
1016,69,2009,pop,1.0
1017,63,2010,pop,1.0
1018,66,2010,pop,1.0
1019,74,2010,pop,1.0
1020,61,2009,pop,1.0
1023,67,2009,pop,1.0
1024,74,2009,pop,1.0
1025,57,2010,pop,1.0
1026,32,2010,pop,1.0
1027,69,2010,pop,1.0
1028,59,2011,pop,1.0
1029,63,2010,pop,1.0
1030,68,2011,pop,1.0
1031,79,2010,pop,1.0
1032,75,2009,pop,1.0
1033,76,2010,pop,1.0
1034,74,2010,pop,1.0
1035,58,2010,pop,1.0
1036,57,2010,pop,1.0
1037,76,2010,pop,1.0
1038,0,2010,pop,1.0
1039,75,2010,pop,1.0
1040,69,2009,pop,1.0
1042,55,2009,pop,1.0
1043,53,2010,pop,1.0
1044,57,2009,pop,1.0
1045,0,2010,pop,1.0
1046,68,2009,pop,1.0
1047,63,2010,pop,1.0
1048,0,2010,pop,1.0
1049,73,2010,pop,1.0
1050,67,2010,pop,1.0
1051,3,2009,pop,1.0
1052,68,2010,pop,1.0
1053,62,2010,pop,1.0
1054,81,2010,pop,1.0
1055,66,2011,pop,1.0
1056,54,2010,pop,1.0
1058,63,2010,pop,1.0
1059,61,2010,pop,1.0
1060,51,2010,pop,1.0
1061,65,2010,pop,1.0
1063,74,2010,pop,1.0
1064,68,2010,pop,1.0
1065,73,2010,pop,1.0
1066,66,2010,pop,1.0
1067,35,2010,pop,1.0
1068,57,2010,pop,1.0
1069,54,2009,pop,1.0
1070,70,2010,pop,1.0
1071,57,2010,pop,1.0
1072,63,2010,pop,1.0
1074,61,2010,pop,1.0
1075,2,2009,pop,1.0
1076,60,2010,pop,1.0
1077,68,2010,pop,1.0
1078,18,2010,pop,1.0
1079,69,2010,pop,1.0
1080,54,2010,pop,1.0
1081,56,2010,pop,1.0
1082,66,2010,pop,1.0
1083,0,2010,pop,1.0
1085,71,2009,pop,1.0
1086,74,2010,pop,1.0
1087,69,2010,pop,1.0
1088,52,2017,pop,1.0
1089,72,2010,pop,1.0
1090,78,2009,pop,1.0
1091,71,2009,pop,1.0
1092,73,2010,pop,1.0
1093,65,2010,pop,1.0
1094,64,2010,pop,1.0
1095,51,2009,pop,1.0
1096,46,2011,pop,1.0
1097,0,2010,pop,1.0
1099,65,2010,pop,1.0
1100,2,2011,pop,1.0
1101,77,2010,pop,1.0
1102,73,2011,pop,1.0
1103,72,2010,pop,1.0
1104,78,2010,pop,1.0
1105,71,2011,pop,1.0
1106,0,2011,pop,1.0
1107,71,2010,pop,1.0
1108,79,2011,pop,1.0
1109,73,2010,pop,1.0
1110,69,2010,pop,1.0
1111,68,2011,pop,1.0
1112,61,2010,pop,1.0
1113,67,2010,pop,1.0
1114,42,2011,pop,1.0
1115,76,2010,pop,1.0
1116,72,2012,pop,1.0
1117,51,2011,pop,1.0
1118,81,2011,pop,1.0
1119,79,2011,pop,1.0
1120,75,2011,pop,1.0
1121,65,2012,pop,1.0
1122,66,2011,pop,1.0
1123,81,2011,pop,1.0
1124,66,2010,pop,1.0
1125,63,2010,pop,1.0
1126,72,2010,pop,1.0
1128,61,2011,pop,1.0
1129,67,2011,pop,1.0
1130,70,2011,pop,1.0
1131,57,2011,pop,1.0
1132,55,2012,pop,1.0
1133,76,2010,pop,1.0
1135,76,2011,pop,1.0
1136,65,2011,pop,1.0
1137,62,2012,pop,1.0
1138,63,2011,pop,1.0
1139,82,2011,pop,1.0
1140,74,2012,pop,1.0
1141,2,2011,pop,1.0
1143,1,2011,pop,1.0
1144,70,2011,pop,1.0
1145,71,2011,pop,1.0
1146,61,2010,pop,1.0
1147,77,2011,pop,1.0
1148,71,2010,pop,1.0
1149,65,2011,pop,1.0
1150,75,2011,pop,1.0
1151,62,2011,pop,1.0
1152,48,2011,pop,1.0
1153,69,2011,pop,1.0
1154,65,2011,pop,1.0
1156,78,2010,pop,1.0
1157,69,2010,pop,1.0
1158,66,2010,pop,1.0
1159,53,2019,pop,1.0
1160,74,2011,pop,1.0
1164,76,2011,pop,1.0
1166,72,2011,pop,1.0
1167,0,2010,pop,1.0
1169,62,2012,pop,1.0
1170,70,2012,pop,1.0
1171,82,2011,pop,1.0
1172,74,2011,pop,1.0
1173,73,2011,pop,1.0
1175,63,2011,pop,1.0
1176,72,2009,pop,1.0
1177,68,2011,pop,1.0
1178,75,2010,pop,1.0
1179,70,2011,pop,1.0
1180,64,2011,pop,1.0
1181,70,2011,pop,1.0
1182,4,2011,pop,1.0
1184,67,2010,pop,1.0
1185,60,2010,pop,1.0
1187,67,2011,pop,1.0
1188,63,2011,pop,1.0
1189,73,2011,pop,1.0
1190,79,2011,pop,1.0
1191,69,2011,pop,1.0
1192,69,2011,pop,1.0
1193,76,2010,pop,1.0
1194,72,2011,pop,1.0
1195,75,2010,pop,1.0
1197,0,2011,pop,1.0
1198,60,2011,pop,1.0
1199,70,2011,pop,1.0
1200,75,2011,pop,1.0
1201,78,2012,pop,1.0
1202,76,2012,pop,1.0
1203,70,2012,pop,1.0
1204,74,2011,pop,1.0
1205,52,2012,pop,1.0
1206,74,2012,pop,1.0
1207,65,2012,pop,1.0
1208,71,2011,pop,1.0
1210,74,2012,pop,1.0
1211,70,2011,pop,1.0
1212,69,2012,pop,1.0
1213,77,2012,pop,1.0
1214,62,2013,pop,1.0
1215,66,2012,pop,1.0
1216,64,2012,pop,1.0
1218,78,2012,pop,1.0
1220,58,2012,pop,1.0
1221,67,2011,pop,1.0
1222,72,2012,pop,1.0
1223,78,2012,pop,1.0
1224,66,2012,pop,1.0
1225,0,2012,pop,1.0
1227,85,2012,pop,1.0
1228,77,2011,pop,1.0
1229,76,2012,pop,1.0
1230,75,2012,pop,1.0
1231,62,2012,pop,1.0
1232,73,2012,pop,1.0
1233,75,2012,pop,1.0
1235,0,2012,pop,1.0
1236,68,2011,pop,1.0
1237,0,2014,pop,1.0
1238,82,2012,pop,1.0
1239,75,2013,pop,1.0
1241,0,2012,pop,1.0
1242,51,2012,pop,1.0
1243,61,2012,pop,1.0
1244,79,2012,pop,1.0
1245,0,2012,pop,1.0
1246,0,2012,pop,1.0
1247,0,2011,pop,1.0
1248,82,2011,pop,1.0
1249,64,2012,pop,1.0
1250,64,2012,pop,1.0
1251,66,2012,pop,1.0
1252,78,2012,pop,1.0
1253,76,2012,pop,1.0
1254,50,2012,pop,1.0
1255,63,2012,pop,1.0
1256,79,2012,pop,1.0
1257,74,2011,pop,1.0
1258,59,2012,pop,1.0
1259,61,2012,pop,1.0
1260,76,2012,pop,1.0
1261,68,2012,pop,1.0
1262,77,2011,pop,1.0
1263,67,2012,pop,1.0
1264,46,2012,pop,1.0
1266,58,2012,pop,1.0
1267,0,2012,pop,1.0
1268,0,2012,pop,1.0
1269,72,2012,pop,1.0
1270,53,2012,pop,1.0
1272,77,2012,pop,1.0
1273,82,2012,pop,1.0
1274,53,2012,pop,1.0
1275,0,2012,pop,1.0
1276,77,2012,pop,1.0
1277,62,2012,pop,1.0
1278,65,2012,pop,1.0
1279,63,2010,pop,1.0
1280,77,2012,pop,1.0
1281,74,2013,pop,1.0
1282,66,2011,pop,1.0
1283,0,2012,pop,1.0
1284,61,2011,pop,1.0
1285,63,2012,pop,1.0
1287,62,2012,pop,1.0
1288,74,2011,pop,1.0
1289,74,2011,pop,1.0
1290,65,2012,pop,1.0
1291,48,2012,pop,1.0
1292,64,2013,pop,1.0
1293,66,2012,pop,1.0
1294,69,2012,pop,1.0
1295,71,2011,pop,1.0
1296,75,2011,pop,1.0
1297,0,2012,pop,1.0
1298,74,2011,pop,1.0
1299,67,2011,pop,1.0
1300,77,2013,pop,1.0
1301,55,2013,pop,1.0
1303,6,2013,pop,1.0
1304,85,2012,pop,1.0
1305,1,2012,pop,1.0
1307,78,2013,pop,1.0
1308,0,2013,pop,1.0
1309,1,2013,pop,1.0
1311,88,2013,pop,1.0
1312,69,2013,pop,1.0
1313,69,2012,pop,1.0
1314,77,2012,pop,1.0
1315,68,2013,pop,1.0
1316,68,2013,pop,1.0
1317,81,2012,pop,1.0
1318,0,2013,pop,1.0
1319,56,2013,pop,1.0
1321,0,2013,pop,1.0
1322,89,2013,pop,1.0
1323,68,2013,pop,1.0
1324,0,2013,pop,1.0
1325,79,2013,pop,1.0
1327,73,2012,pop,1.0
1329,64,2012,pop,1.0
1330,69,2013,pop,1.0
1331,71,2012,pop,1.0
1332,54,2013,pop,1.0
1333,60,2012,pop,1.0
1335,72,2013,pop,1.0
1337,68,2013,pop,1.0
1339,0,2013,pop,1.0
1340,68,2012,pop,1.0
1342,66,2013,pop,1.0
1343,76,2012,pop,1.0
1345,66,2013,pop,1.0
1346,68,2014,pop,1.0
1347,61,2012,pop,1.0
1349,76,2012,pop,1.0
1351,70,2014,pop,1.0
1353,70,2012,pop,1.0
1354,60,2013,pop,1.0
1355,2,2011,pop,1.0
1356,27,2013,pop,1.0
1357,50,2013,pop,1.0
1359,71,2012,pop,1.0
1360,0,2013,pop,1.0
1361,61,2013,pop,1.0
1362,64,2013,pop,1.0
1363,65,2013,pop,1.0
1364,48,2013,pop,1.0
1365,61,2013,pop,1.0
1366,59,2012,pop,1.0
1367,73,2013,pop,1.0
1369,65,2012,pop,1.0
1371,72,2012,pop,1.0
1372,61,2013,pop,1.0
1373,74,2013,pop,1.0
1374,76,2013,pop,1.0
1375,57,2013,pop,1.0
1376,0,2012,pop,1.0
1377,77,2013,pop,1.0
1378,0,2013,pop,1.0
1380,66,2013,pop,1.0
1381,78,2013,pop,1.0
1382,78,2012,pop,1.0
1383,79,2012,pop,1.0
1384,78,2013,pop,1.0
1386,79,2013,pop,1.0
1387,59,2013,pop,1.0
1388,72,2013,pop,1.0
1389,0,2013,pop,1.0
1390,66,2012,pop,1.0
1392,0,2013,pop,1.0
1393,68,2012,pop,1.0
1394,73,2012,pop,1.0
1395,65,2013,pop,1.0
1396,76,2012,pop,1.0
1397,67,2013,pop,1.0
1398,83,2012,pop,1.0
1400,79,2014,pop,1.0
1401,74,2013,pop,1.0
1402,0,2014,pop,1.0
1403,69,2014,pop,1.0
1404,79,2014,pop,1.0
1405,80,2014,pop,1.0
1407,78,2014,pop,1.0
1408,84,2013,pop,1.0
1410,72,2015,pop,1.0
1411,50,2014,pop,1.0
1412,67,2014,pop,1.0
1413,74,2014,pop,1.0
1414,67,2014,pop,1.0
1415,69,2014,pop,1.0
1416,56,2013,pop,1.0
1417,0,2014,pop,1.0
1418,45,2014,pop,1.0
1419,71,2014,pop,1.0
1420,72,2014,pop,1.0
1421,54,2014,pop,1.0
1422,62,2015,pop,1.0
1423,72,2014,pop,1.0
1424,61,2014,pop,1.0
1425,66,2013,pop,1.0
1426,66,2014,pop,1.0
1427,74,2015,pop,1.0
1428,66,2014,pop,1.0
1429,75,2014,pop,1.0
1430,70,2013,pop,1.0
1431,80,2012,pop,1.0
1432,62,2014,pop,1.0
1433,73,2014,pop,1.0
1434,21,2014,pop,1.0
1435,0,2014,pop,1.0
1436,76,2014,pop,1.0
1437,78,2014,pop,1.0
1438,62,2014,pop,1.0
1439,0,2014,pop,1.0
1440,76,2013,pop,1.0
1441,77,2014,pop,1.0
1442,50,2013,pop,1.0
1444,80,2014,pop,1.0
1445,64,2014,pop,1.0
1446,70,2014,pop,1.0
1447,0,2014,pop,1.0
1448,68,2014,pop,1.0
1449,66,2014,pop,1.0
1450,72,2014,pop,1.0
1451,59,2014,pop,1.0
1452,0,2014,pop,1.0
1455,72,2014,pop,1.0
1456,74,2014,pop,1.0
1457,66,2014,pop,1.0
1458,2,2013,pop,1.0
1459,77,2014,pop,1.0
1460,67,2014,pop,1.0
1461,61,2014,pop,1.0
1462,61,2014,pop,1.0
1463,82,2012,pop,1.0
1464,74,2013,pop,1.0
1465,73,2014,pop,1.0
1466,49,2014,pop,1.0
1467,79,2014,pop,1.0
1468,0,2013,pop,1.0
1469,58,2014,pop,1.0
1470,65,2014,pop,1.0
1471,74,2014,pop,1.0
1472,74,2014,pop,1.0
1473,79,2014,pop,1.0
1474,83,2014,pop,1.0
1475,69,2014,pop,1.0
1476,52,2014,pop,1.0
1477,0,2014,pop,1.0
1478,64,2014,pop,1.0
1479,80,2014,pop,1.0
1480,72,2014,pop,1.0
1481,63,2014,pop,1.0
1482,70,2014,pop,1.0
1483,81,2013,pop,1.0
1484,75,2014,pop,1.0
1485,55,2014,pop,1.0
1486,71,2013,pop,1.0
1488,80,2014,pop,1.0
1489,70,2014,pop,1.0
1490,0,2014,pop,1.0
1491,63,2014,pop,1.0
1492,71,2013,pop,1.0
1493,67,2014,pop,1.0
1494,0,2014,pop,1.0
1495,0,2014,pop,1.0
1496,62,2014,pop,1.0
1497,53,2013,pop,1.0
1498,53,2014,pop,1.0
1499,0,2014,pop,1.0
1500,82,2015,pop,1.0
1501,81,2014,pop,1.0
1502,81,2015,pop,1.0
1503,77,2015,pop,1.0
1504,73,2015,pop,1.0
1505,76,2014,pop,1.0
1506,78,2015,pop,1.0
1507,78,2014,pop,1.0
1508,75,2014,pop,1.0
1509,0,2015,pop,1.0
1510,82,2014,pop,1.0
1511,84,2015,pop,1.0
1512,85,2015,pop,1.0
1513,66,2015,pop,1.0
1514,85,2014,pop,1.0
1515,69,2014,pop,1.0
1516,46,2015,pop,1.0
1517,71,2015,pop,1.0
1518,70,2015,pop,1.0
1519,49,2015,pop,1.0
1520,76,2015,pop,1.0
1521,76,2015,pop,1.0
1522,65,2014,pop,1.0
1523,62,2015,pop,1.0
1526,33,2014,pop,1.0
1528,73,2015,pop,1.0
1530,79,2014,pop,1.0
1531,49,2015,pop,1.0
1532,48,2015,pop,1.0
1533,79,2015,pop,1.0
1534,72,2018,pop,1.0
1535,78,2014,pop,1.0
1536,0,2015,pop,1.0
1537,80,2014,pop,1.0
1538,74,2015,pop,1.0
1539,73,2015,pop,1.0
1540,0,2015,pop,1.0
1541,79,2015,pop,1.0
1543,0,2015,pop,1.0
1544,64,2015,pop,1.0
1545,59,2017,pop,1.0
1546,69,2015,pop,1.0
1547,72,2015,pop,1.0
1548,76,2015,pop,1.0
1550,71,2015,pop,1.0
1551,71,2016,pop,1.0
1552,68,2015,pop,1.0
1553,66,2014,pop,1.0
1554,69,2014,pop,1.0
1555,67,2015,pop,1.0
1556,73,2017,pop,1.0
1557,77,2015,pop,1.0
1558,77,2016,pop,1.0
1559,64,2015,pop,1.0
1560,68,2015,pop,1.0
1561,74,2015,pop,1.0
1562,74,2014,pop,1.0
1563,79,2015,pop,1.0
1564,55,2015,pop,1.0
1565,75,2015,pop,1.0
1566,77,2015,pop,1.0
1567,74,2016,pop,1.0
1569,0,2015,pop,1.0
1570,55,2015,pop,1.0
1571,81,2014,pop,1.0
1572,77,2014,pop,1.0
1573,0,2015,pop,1.0
1574,66,2015,pop,1.0
1575,47,2015,pop,1.0
1576,68,2015,pop,1.0
1577,75,2015,pop,1.0
1578,76,2016,pop,1.0
1579,0,2015,pop,1.0
1581,78,2015,pop,1.0
1582,67,2015,pop,1.0
1583,64,2014,pop,1.0
1584,74,2015,pop,1.0
1585,0,2015,pop,1.0
1586,78,2015,pop,1.0
1587,1,2015,pop,1.0
1589,0,2015,pop,1.0
1590,67,2015,pop,1.0
1591,0,2015,pop,1.0
1592,66,2018,pop,1.0
1593,80,2015,pop,1.0
1594,79,2014,pop,1.0
1595,1,2015,pop,1.0
1596,77,2015,pop,1.0
1597,55,2015,pop,1.0
1598,70,2015,pop,1.0
1600,0,2016,pop,1.0
1601,84,2016,pop,1.0
1602,0,2015,pop,1.0
1603,83,2016,pop,1.0
1604,1,2015,pop,1.0
1605,70,2016,pop,1.0
1607,67,2016,pop,1.0
1608,70,2016,pop,1.0
1609,75,2016,pop,1.0
1610,82,2015,pop,1.0
1611,80,2015,pop,1.0
1612,76,2016,pop,1.0
1613,86,2015,pop,1.0
1614,67,2016,pop,1.0
1615,77,2015,pop,1.0
1616,68,2016,pop,1.0
1617,0,2016,pop,1.0
1618,75,2016,pop,1.0
1620,74,2016,pop,1.0
1621,67,2016,pop,1.0
1622,79,2016,pop,1.0
1623,62,2016,pop,1.0
1624,51,2016,pop,1.0
1625,70,2016,pop,1.0
1626,0,2016,pop,1.0
1627,69,2017,pop,1.0
1628,65,2017,pop,1.0
1629,76,2016,pop,1.0
1631,0,2016,pop,1.0
1632,81,2016,pop,1.0
1633,79,2016,pop,1.0
1634,77,2016,pop,1.0
1635,69,2016,pop,1.0
1636,80,2016,pop,1.0
1637,0,2016,pop,1.0
1638,71,2016,pop,1.0
1639,73,2015,pop,1.0
1640,69,2015,pop,1.0
1641,74,2016,pop,1.0
1642,64,2016,pop,1.0
1644,76,2015,pop,1.0
1645,0,2016,pop,1.0
1646,57,2016,pop,1.0
1647,79,2016,pop,1.0
1648,0,2016,pop,1.0
1649,68,2016,pop,1.0
1651,70,2016,pop,1.0
1652,0,2016,pop,1.0
1653,3,2016,pop,1.0
1654,82,2017,pop,1.0
1655,73,2016,pop,1.0
1656,76,2015,pop,1.0
1657,0,2016,pop,1.0
1658,69,2016,pop,1.0
1659,75,2015,pop,1.0
1660,79,2016,pop,1.0
1662,51,2016,pop,1.0
1663,55,2015,pop,1.0
1664,0,2016,pop,1.0
1665,75,2016,pop,1.0
1666,63,2016,pop,1.0
1667,59,2016,pop,1.0
1668,66,2016,pop,1.0
1669,0,2016,pop,1.0
1670,46,2015,pop,1.0
1671,72,2015,pop,1.0
1672,62,2016,pop,1.0
1673,69,2016,pop,1.0
1674,0,2016,pop,1.0
1675,0,2016,pop,1.0
1676,73,2015,pop,1.0
1677,0,2016,pop,1.0
1678,68,2016,pop,1.0
1679,78,2015,pop,1.0
1680,63,2016,pop,1.0
1681,60,2016,pop,1.0
1682,1,2015,pop,1.0
1684,65,2016,pop,1.0
1685,68,2016,pop,1.0
1686,62,2016,pop,1.0
1687,77,2016,pop,1.0
1688,63,2016,pop,1.0
1689,62,2016,pop,1.0
1690,1,2016,pop,1.0
1693,76,2015,pop,1.0
1694,66,2016,pop,1.0
1695,67,2016,pop,1.0
1696,1,2017,pop,1.0
1697,0,2016,pop,1.0
1698,79,2016,pop,1.0
1699,74,2016,pop,1.0
1700,84,2017,pop,1.0
1701,84,2018,pop,1.0
1702,0,2017,pop,1.0
1703,79,2017,pop,1.0
1704,75,2016,pop,1.0
1705,1,2017,pop,1.0
1707,68,2018,pop,1.0
1708,83,2017,pop,1.0
1709,85,2017,pop,1.0
1712,84,2017,pop,1.0
1713,79,2017,pop,1.0
1714,0,2017,pop,1.0
1715,0,2017,pop,1.0
1716,75,2016,pop,1.0
1718,74,2017,pop,1.0
1719,82,2017,pop,1.0
1721,0,2017,pop,1.0
1722,77,2017,pop,1.0
1724,1,2016,pop,1.0
1725,75,2016,pop,1.0
1726,67,2017,pop,1.0
1728,69,2017,pop,1.0
1732,75,2017,pop,1.0
1733,0,2017,pop,1.0
1735,80,2017,pop,1.0
1736,58,2017,pop,1.0
1738,74,2017,pop,1.0
1740,69,2017,pop,1.0
1741,0,2017,pop,1.0
1742,62,2017,pop,1.0
1743,57,2017,pop,1.0
1745,4,2017,pop,1.0
1747,76,2017,pop,1.0
1748,70,2017,pop,1.0
1753,72,2017,pop,1.0
1754,67,2017,pop,1.0
1755,77,2017,pop,1.0
1756,51,2017,pop,1.0
1757,0,2016,pop,1.0
1758,73,2017,pop,1.0
1759,67,2017,pop,1.0
1760,68,2017,pop,1.0
1761,0,2017,pop,1.0
1762,63,2017,pop,1.0
1763,73,2017,pop,1.0
1764,61,2017,pop,1.0
1765,59,2017,pop,1.0
1767,57,2017,pop,1.0
1768,72,2017,pop,1.0
1770,77,2017,pop,1.0
1771,0,2017,pop,1.0
1772,69,2017,pop,1.0
1774,79,2017,pop,1.0
1775,64,2017,pop,1.0
1776,64,2017,pop,1.0
1777,61,2017,pop,1.0
1778,74,2017,pop,1.0
1779,47,2019,pop,1.0
1780,1,2017,pop,1.0
1781,0,2017,pop,1.0
1782,0,2017,pop,1.0
1783,0,2016,pop,1.0
1784,76,2016,pop,1.0
1785,71,2017,pop,1.0
1786,48,2016,pop,1.0
1788,0,2017,pop,1.0
1789,0,2017,pop,1.0
1790,61,2017,pop,1.0
1791,78,2016,pop,1.0
1792,73,2017,pop,1.0
1793,71,2017,pop,1.0
1794,0,2017,pop,1.0
1795,53,2017,pop,1.0
1796,68,2017,pop,1.0
1797,78,2016,pop,1.0
1798,8,2017,pop,1.0
1799,75,2017,pop,1.0
1800,81,2018,pop,1.0
1802,80,2017,pop,1.0
1803,75,2017,pop,1.0
1804,78,2018,pop,1.0
1806,80,2018,pop,1.0
1807,78,2018,pop,1.0
1808,79,2018,pop,1.0
1810,77,2018,pop,1.0
1812,81,2018,pop,1.0
1813,73,2018,pop,1.0
1816,76,2018,pop,1.0
1817,71,2018,pop,1.0
1818,69,2018,pop,1.0
1819,86,2018,pop,1.0
1820,75,2018,pop,1.0
1821,71,2018,pop,1.0
1822,77,2018,pop,1.0
1824,80,2018,pop,1.0
1826,72,2018,pop,1.0
1829,69,2018,pop,1.0
1830,71,2017,pop,1.0
1832,58,2017,pop,1.0
1833,69,2018,pop,1.0
1834,71,2018,pop,1.0
1835,72,2018,pop,1.0
1837,69,2018,pop,1.0
1838,64,2017,pop,1.0
1839,78,2018,pop,1.0
1840,66,2018,pop,1.0
1842,74,2017,pop,1.0
1843,82,2018,pop,1.0
1844,78,2017,pop,1.0
1845,72,2018,pop,1.0
1846,70,2017,pop,1.0
1847,65,2018,pop,1.0
1848,80,2017,pop,1.0
1849,69,2018,pop,1.0
1850,0,2017,pop,1.0
1851,62,2018,pop,1.0
1852,79,2017,pop,1.0
1855,72,2018,pop,1.0
1857,70,2018,pop,1.0
1858,59,2018,pop,1.0
1860,72,2018,pop,1.0
1862,73,2018,pop,1.0
1864,82,2018,pop,1.0
1865,79,2018,pop,1.0
1866,67,2018,pop,1.0
1867,72,2018,pop,1.0
1868,68,2018,pop,1.0
1869,75,2018,pop,1.0
1871,64,2018,pop,1.0
1872,1,2018,pop,1.0
1873,75,2018,pop,1.0
1874,62,2017,pop,1.0
1875,65,2017,pop,1.0
1876,63,2017,pop,1.0
1878,72,2018,pop,1.0
1880,67,2018,pop,1.0
1881,80,2018,pop,1.0
1882,74,2017,pop,1.0
1883,71,2018,pop,1.0
1885,72,2017,pop,1.0
1886,68,2018,pop,1.0
1887,74,2018,pop,1.0
1888,54,2018,pop,1.0
1889,78,2017,pop,1.0
1890,56,2018,pop,1.0
1891,75,2018,pop,1.0
1892,70,2018,pop,1.0
1893,81,2018,pop,1.0
1894,73,2018,pop,1.0
1895,73,2018,pop,1.0
1896,73,2018,pop,1.0
1897,77,2018,pop,1.0
1900,79,2019,pop,1.0
1901,83,2019,pop,1.0
1902,78,2019,pop,1.0
1903,83,2019,pop,1.0
1906,77,2018,pop,1.0
1907,81,2019,pop,1.0
1908,82,2018,pop,1.0
1909,79,2018,pop,1.0
1910,84,2019,pop,1.0
1911,60,2019,pop,1.0
1912,75,2019,pop,1.0
1916,82,2018,pop,1.0
1917,1,2019,pop,1.0
1918,68,2019,pop,1.0
1919,75,2019,pop,1.0
1920,63,2019,pop,1.0
1922,0,2019,pop,1.0
1923,80,2019,pop,1.0
1924,70,2019,pop,1.0
1926,71,2019,pop,1.0
1928,69,2019,pop,1.0
1929,86,2018,pop,1.0
1930,77,2019,pop,1.0
1931,76,2019,pop,1.0
1932,78,2018,pop,1.0
1934,57,2019,pop,1.0
1936,72,2019,pop,1.0
1938,76,2019,pop,1.0
1939,71,2019,pop,1.0
1944,69,2019,pop,1.0
1946,65,2019,pop,1.0
1947,69,2019,pop,1.0
1948,73,2018,pop,1.0
1949,76,2019,pop,1.0
1951,7,2018,pop,1.0
1952,79,2019,pop,1.0
1954,73,2019,pop,1.0
1955,66,2019,pop,1.0
1956,73,2019,pop,1.0
1958,78,2019,pop,1.0
1959,77,2019,pop,1.0
1961,4,2019,pop,1.0
1962,74,2018,pop,1.0
1964,70,2019,pop,1.0
1965,70,2018,pop,1.0
1969,75,2019,pop,1.0
1970,35,2019,pop,1.0
1972,71,2019,pop,1.0
1973,1,2019,pop,1.0
1974,71,2019,pop,1.0
1977,78,2018,pop,1.0
1978,64,2019,pop,1.0
1979,69,2019,pop,1.0
1981,69,2019,pop,1.0
1982,74,2019,pop,1.0
1985,64,2019,pop,1.0
1986,2,2019,pop,1.0
1987,69,2019,pop,1.0
1989,73,2019,pop,1.0
1990,73,2019,pop,1.0
1992,71,2019,pop,1.0
1993,63,2019,pop,1.0
1995,79,2019,pop,1.0
1996,78,2019,pop,1.0
1998,75,2019,pop,1.0
2001,79,1999,rock,1.0
2003,78,2000,rock,1.0
2007,68,2000,rock,1.0
2013,62,1999,rock,1.0
2020,83,2000,rock,1.0
2021,65,1999,rock,1.0
2059,0,2000,rock,1.0
2066,78,1999,rock,1.0
2069,66,1999,rock,1.0
2073,59,2000,rock,1.0
2077,78,2000,rock,1.0
2080,49,2000,rock,1.0
2089,54,2000,rock,1.0
2092,64,1999,rock,1.0
2097,69,1999,rock,1.0
2107,78,2001,rock,1.0
2123,71,1999,rock,1.0
2128,78,2001,rock,1.0
2135,69,2001,rock,1.0
2151,75,2001,rock,1.0
2153,68,2001,rock,1.0
2169,58,2000,rock,1.0
2173,68,2000,rock,1.0
2184,48,2001,rock,1.0
2190,68,2001,rock,1.0
2193,56,2000,rock,1.0
2195,64,2001,rock,1.0
2199,61,2000,rock,1.0
2206,27,2001,rock,1.0
2215,83,2000,rock,1.0
2220,60,2003,rock,1.0
2245,26,2001,rock,1.0
2247,80,2002,rock,1.0
2257,24,2001,rock,1.0
2269,79,2002,rock,1.0
2271,60,2002,rock,1.0
2273,69,2001,rock,1.0
2280,73,2002,rock,1.0
2281,60,2002,rock,1.0
2284,64,2001,rock,1.0
2287,47,2015,rock,1.0
2288,56,2002,rock,1.0
2289,70,2001,rock,1.0
2292,40,2001,rock,1.0
2296,64,2001,rock,1.0
2297,72,2002,rock,1.0
2304,50,2003,rock,1.0
2316,72,2003,rock,1.0
2321,72,2003,rock,1.0
2330,3,2003,rock,1.0
2335,68,2003,rock,1.0
2338,72,2002,rock,1.0
2339,58,2008,rock,1.0
2363,0,2003,rock,1.0
2367,67,2002,rock,1.0
2371,60,2003,rock,1.0
2374,79,2002,rock,1.0
2379,75,2002,rock,1.0
2390,63,2002,rock,1.0
2393,61,2003,rock,1.0
2395,68,2002,rock,1.0
2397,74,2003,rock,1.0
2404,79,2003,rock,1.0
2416,81,2003,rock,1.0
2419,73,2004,rock,1.0
2427,63,2004,rock,1.0
2436,33,2004,rock,1.0
2441,68,2003,rock,1.0
2450,57,2004,rock,1.0
2460,64,2004,rock,1.0
2461,77,2004,rock,1.0
2469,60,2003,rock,1.0
2472,77,2004,rock,1.0
2474,43,2004,rock,1.0
2483,74,2002,rock,1.0
2506,72,2004,rock,1.0
2517,73,2005,rock,1.0
2532,54,2005,rock,1.0
2539,58,2005,rock,1.0
2556,61,2005,rock,1.0
2560,74,2005,rock,1.0
2570,58,2005,rock,1.0
2575,60,2004,rock,1.0
2576,71,2006,rock,1.0
2579,63,2005,rock,1.0
2582,52,2012,rock,1.0
2583,67,2005,rock,1.0
2588,69,2005,rock,1.0
2591,69,2005,rock,1.0
2595,56,2004,rock,1.0
2596,65,2005,rock,1.0
2599,76,2005,rock,1.0
2621,75,2006,rock,1.0
2633,65,2005,rock,1.0
2653,70,2005,rock,1.0
2654,74,2005,rock,1.0
2660,72,2006,rock,1.0
2671,76,2006,rock,1.0
2672,63,2006,rock,1.0
2674,35,2019,rock,1.0
2675,56,2006,rock,1.0
2676,68,2006,rock,1.0
2677,42,2005,rock,1.0
2679,70,2005,rock,1.0
2688,67,2006,rock,1.0
2690,35,2006,rock,1.0
2693,76,2006,rock,1.0
2694,59,2006,rock,1.0
2695,65,2005,rock,1.0
2699,73,2006,rock,1.0
2730,77,2007,rock,1.0
2734,73,2007,rock,1.0
2738,73,2007,rock,1.0
2740,67,2007,rock,1.0
2743,73,2007,rock,1.0
2744,80,2006,rock,1.0
2749,45,2016,rock,1.0
2752,65,2007,rock,1.0
2758,69,2005,rock,1.0
2759,76,2007,rock,1.0
2761,76,2007,rock,1.0
2769,68,2007,rock,1.0
2770,72,2007,rock,1.0
2771,30,2019,rock,1.0
2773,78,2007,rock,1.0
2775,67,2007,rock,1.0
2792,53,2007,rock,1.0
2798,79,2006,rock,1.0
2838,73,2007,rock,1.0
2842,56,2007,rock,1.0
2847,78,2008,rock,1.0
2850,69,2008,rock,1.0
2857,1,2007,rock,1.0
2858,56,2008,rock,1.0
2861,77,2007,rock,1.0
2862,55,2007,rock,1.0
2864,57,2007,rock,1.0
2870,51,2008,rock,1.0
2874,67,2007,rock,1.0
2881,80,2008,rock,1.0
2882,80,2008,rock,1.0
2889,63,2008,rock,1.0
2909,75,2009,rock,1.0
2910,57,2009,rock,1.0
2927,68,2009,rock,1.0
2937,2,2009,rock,1.0
2948,70,2008,rock,1.0
2963,77,2008,rock,1.0
2965,66,2008,rock,1.0
2967,64,2009,rock,1.0
2972,75,2009,rock,1.0
2973,62,2008,rock,1.0
2985,80,2008,rock,1.0
2991,73,2009,rock,1.0
2994,67,2008,rock,1.0
2998,68,2009,rock,1.0
3026,32,2010,rock,1.0
3053,62,2010,rock,1.0
3080,54,2010,rock,1.0
3083,0,2010,rock,1.0
3088,52,2017,rock,1.0
3090,78,2009,rock,1.0
3094,64,2010,rock,1.0
3134,65,2011,rock,1.0
3135,76,2011,rock,1.0
3139,82,2011,rock,1.0
3171,82,2011,rock,1.0
3183,65,2011,rock,1.0
3189,73,2011,rock,1.0
3190,79,2011,rock,1.0
3191,69,2011,rock,1.0
3202,76,2012,rock,1.0
3226,73,2012,rock,1.0
3236,68,2011,rock,1.0
3246,0,2012,rock,1.0
3248,82,2011,rock,1.0
3252,78,2012,rock,1.0
3261,68,2012,rock,1.0
3265,60,2011,rock,1.0
3276,77,2012,rock,1.0
3279,63,2010,rock,1.0
3282,66,2011,rock,1.0
3286,71,2012,rock,1.0
3302,77,2012,rock,1.0
3322,89,2013,rock,1.0
3326,84,2013,rock,1.0
3338,71,2013,rock,1.0
3341,81,2012,rock,1.0
3344,84,2013,rock,1.0
3351,70,2014,rock,1.0
3355,2,2011,rock,1.0
3365,61,2013,rock,1.0
3373,74,2013,rock,1.0
3383,79,2012,rock,1.0
3386,79,2013,rock,1.0
3426,66,2014,rock,1.0
3446,70,2014,rock,1.0
3472,74,2014,rock,1.0
3479,80,2014,rock,1.0
3488,80,2014,rock,1.0
3494,0,2014,rock,1.0
3506,78,2015,rock,1.0
3512,85,2015,rock,1.0
3524,80,2015,rock,1.0
3527,83,2015,rock,1.0
3529,63,2015,rock,1.0
3551,71,2016,rock,1.0
3565,75,2015,rock,1.0
3585,0,2015,rock,1.0
3591,0,2015,rock,1.0
3610,82,2015,rock,1.0
3617,0,2016,rock,1.0
3619,80,2016,rock,1.0
3642,64,2016,rock,1.0
3643,80,2015,rock,1.0
3656,76,2015,rock,1.0
3659,75,2015,rock,1.0
3663,55,2015,rock,1.0
3684,65,2016,rock,1.0
3690,1,2016,rock,1.0
3706,1,2017,rock,1.0
3710,81,2018,rock,1.0
3730,80,2017,rock,1.0
3737,1,2017,rock,1.0
3777,61,2017,rock,1.0
3787,0,2017,rock,1.0
3815,80,2018,rock,1.0
3843,82,2018,rock,1.0
3846,70,2017,rock,1.0
3883,71,2018,rock,1.0
3890,56,2018,rock,1.0
3916,82,2018,rock,1.0
3977,78,2018,rock,1.0
3988,80,2018,rock,1.0
4002,66,1999,country,1.0
4038,61,2001,country,1.0
4058,65,2001,country,1.0
4168,60,2001,country,1.0
4597,67,2005,country,1.0
4661,0,2006,country,1.0
4668,62,2005,country,1.0
4670,69,2006,country,1.0
4785,76,2005,country,1.0
4982,50,2009,country,1.0
5092,73,2010,country,1.0
5098,64,2010,country,1.0
5174,53,2010,country,1.0
5186,50,2011,country,1.0
5188,63,2011,country,1.0
5196,64,2010,country,1.0
5240,0,2012,country,1.0
5285,63,2012,country,1.0
5368,56,2013,country,1.0
5399,57,2012,country,1.0
5997,69,2019,country,1.0
6003,78,2000,metal,1.0
6020,83,2000,metal,1.0
6025,72,2000,metal,1.0
6077,78,2000,metal,1.0
6080,49,2000,metal,1.0
6092,64,1999,metal,1.0
6097,69,1999,metal,1.0
6116,73,2000,metal,1.0
6123,71,1999,metal,1.0
6128,78,2001,metal,1.0
6135,69,2001,metal,1.0
6151,75,2001,metal,1.0
6195,64,2001,metal,1.0
6199,61,2000,metal,1.0
6215,83,2000,metal,1.0
6220,60,2003,metal,1.0
6222,66,2003,metal,1.0
6273,69,2001,metal,1.0
6287,47,2015,metal,1.0
6289,70,2001,metal,1.0
6292,40,2001,metal,1.0
6296,64,2001,metal,1.0
6316,72,2003,metal,1.0
6318,79,2003,metal,1.0
6321,72,2003,metal,1.0
6335,68,2003,metal,1.0
6338,72,2002,metal,1.0
6345,70,2003,metal,1.0
6367,67,2002,metal,1.0
6379,75,2002,metal,1.0
6395,68,2002,metal,1.0
6404,79,2003,metal,1.0
6413,68,2003,metal,1.0
6416,81,2003,metal,1.0
6441,68,2003,metal,1.0
6466,72,2003,metal,1.0
6483,74,2002,metal,1.0
6575,60,2004,metal,1.0
6582,52,2012,metal,1.0
6583,67,2005,metal,1.0
6599,76,2005,metal,1.0
6633,65,2005,metal,1.0
6651,65,2006,metal,1.0
6653,70,2005,metal,1.0
6674,35,2019,metal,1.0
6730,77,2007,metal,1.0
6734,73,2007,metal,1.0
6738,73,2007,metal,1.0
6743,73,2007,metal,1.0
6749,45,2016,metal,1.0
6758,69,2005,metal,1.0
6771,30,2019,metal,1.0
6773,78,2007,metal,1.0
6838,73,2007,metal,1.0
6847,78,2008,metal,1.0
6850,69,2008,metal,1.0
6858,56,2008,metal,1.0
6909,75,2009,metal,1.0
6927,68,2009,metal,1.0
6965,66,2008,metal,1.0
6973,62,2008,metal,1.0
6994,67,2008,metal,1.0
7134,65,2011,metal,1.0
7135,76,2011,metal,1.0
7226,73,2012,metal,1.0
7568,83,2015,metal,1.0
8005,69,1999,hip hop,1.0
8006,86,2000,hip hop,1.0
8015,53,2002,hip hop,1.0
8019,82,1999,hip hop,1.0
8023,54,2000,hip hop,1.0
8027,53,2000,hip hop,1.0
8030,71,1999,hip hop,1.0
8035,59,1999,hip hop,1.0
8037,69,1999,hip hop,1.0
8042,36,2000,hip hop,1.0
8043,79,1999,hip hop,1.0
8044,49,1998,hip hop,1.0
8049,52,2004,hip hop,1.0
8052,55,2000,hip hop,1.0
8053,60,1999,hip hop,1.0
8054,59,2000,hip hop,1.0
8063,60,2000,hip hop,1.0
8067,55,2000,hip hop,1.0
8068,70,2000,hip hop,1.0
8079,57,2000,hip hop,1.0
8087,54,2000,hip hop,1.0
8099,68,2000,hip hop,1.0
8100,76,2000,hip hop,1.0
8102,83,2000,hip hop,1.0
8105,1,2000,hip hop,1.0
8113,57,2001,hip hop,1.0
8120,57,2001,hip hop,1.0
8125,73,2001,hip hop,1.0
8126,0,2001,hip hop,1.0
8127,50,2002,hip hop,1.0
8129,76,2001,hip hop,1.0
8130,82,2000,hip hop,1.0
8136,57,2001,hip hop,1.0
8137,68,2001,hip hop,1.0
8139,60,2001,hip hop,1.0
8141,74,2001,hip hop,1.0
8142,57,2001,hip hop,1.0
8145,67,2001,hip hop,1.0
8147,55,2001,hip hop,1.0
8148,63,2001,hip hop,1.0
8152,57,2001,hip hop,1.0
8153,68,2001,hip hop,1.0
8154,26,2016,hip hop,1.0
8158,67,2001,hip hop,1.0
8159,68,2001,hip hop,1.0
8161,60,2000,hip hop,1.0
8162,1,2000,hip hop,1.0
8165,56,2000,hip hop,1.0
8178,64,2001,hip hop,1.0
8181,66,2001,hip hop,1.0
8186,54,2000,hip hop,1.0
8188,75,2000,hip hop,1.0
8189,59,2001,hip hop,1.0
8191,63,2001,hip hop,1.0
8197,65,2001,hip hop,1.0
8200,77,2002,hip hop,1.0
8201,87,2002,hip hop,1.0
8208,68,2002,hip hop,1.0
8209,85,2002,hip hop,1.0
8210,69,2004,hip hop,1.0
8211,60,2001,hip hop,1.0
8213,53,2002,hip hop,1.0
8217,0,2019,hip hop,1.0
8221,43,2002,hip hop,1.0
8225,49,2001,hip hop,1.0
8226,42,2002,hip hop,1.0
8227,52,2002,hip hop,1.0
8229,55,2001,hip hop,1.0
8232,58,2002,hip hop,1.0
8233,59,2002,hip hop,1.0
8235,64,2002,hip hop,1.0
8237,75,2002,hip hop,1.0
8240,49,2002,hip hop,1.0
8243,73,2001,hip hop,1.0
8246,2,2002,hip hop,1.0
8249,59,2002,hip hop,1.0
8250,53,2001,hip hop,1.0
8253,58,2002,hip hop,1.0
8255,63,2005,hip hop,1.0
8258,55,2002,hip hop,1.0
8263,71,2002,hip hop,1.0
8264,61,2002,hip hop,1.0
8270,70,2002,hip hop,1.0
8272,64,2002,hip hop,1.0
8274,73,2001,hip hop,1.0
8275,70,2002,hip hop,1.0
8279,67,2002,hip hop,1.0
8286,59,2001,hip hop,1.0
8290,60,2001,hip hop,1.0
8298,51,2001,hip hop,1.0
8300,81,2003,hip hop,1.0
8301,74,2002,hip hop,1.0
8302,77,2004,hip hop,1.0
8305,68,2003,hip hop,1.0
8306,70,2002,hip hop,1.0
8307,56,2003,hip hop,1.0
8310,68,2002,hip hop,1.0
8311,61,2003,hip hop,1.0
8313,71,2002,hip hop,1.0
8314,76,2003,hip hop,1.0
8317,70,2007,hip hop,1.0
8320,59,2002,hip hop,1.0
8322,47,2002,hip hop,1.0
8323,62,2003,hip hop,1.0
8324,73,2003,hip hop,1.0
8325,36,2002,hip hop,1.0
8331,54,2003,hip hop,1.0
8333,47,2019,hip hop,1.0
8337,50,2003,hip hop,1.0
8342,52,2016,hip hop,1.0
8344,49,2009,hip hop,1.0
8347,57,2003,hip hop,1.0
8348,67,2003,hip hop,1.0
8349,69,2003,hip hop,1.0
8350,71,2002,hip hop,1.0
8351,48,2003,hip hop,1.0
8353,72,2003,hip hop,1.0
8354,61,2002,hip hop,1.0
8355,57,2002,hip hop,1.0
8359,49,2003,hip hop,1.0
8360,67,2005,hip hop,1.0
8361,57,2002,hip hop,1.0
8362,59,2003,hip hop,1.0
8365,57,2003,hip hop,1.0
8366,58,2002,hip hop,1.0
8368,60,2002,hip hop,1.0
8373,56,2002,hip hop,1.0
8375,54,2002,hip hop,1.0
8376,70,2002,hip hop,1.0
8377,65,2003,hip hop,1.0
8380,61,2002,hip hop,1.0
8382,60,2002,hip hop,1.0
8385,63,2002,hip hop,1.0
8386,61,2003,hip hop,1.0
8387,61,2003,hip hop,1.0
8389,61,2002,hip hop,1.0
8391,66,2003,hip hop,1.0
8392,67,2003,hip hop,1.0
8396,63,2003,hip hop,1.0
8400,81,2004,hip hop,1.0
8403,80,2003,hip hop,1.0
8407,53,2004,hip hop,1.0
8409,67,2004,hip hop,1.0
8412,56,2004,hip hop,1.0
8414,59,2004,hip hop,1.0
8417,61,2004,hip hop,1.0
8419,73,2004,hip hop,1.0
8420,42,2004,hip hop,1.0
8426,56,2004,hip hop,1.0
8431,73,2003,hip hop,1.0
8432,56,2003,hip hop,1.0
8433,53,2003,hip hop,1.0
8437,49,2003,hip hop,1.0
8438,61,2003,hip hop,1.0
8442,49,2005,hip hop,1.0
8443,45,2004,hip hop,1.0
8445,67,2004,hip hop,1.0
8447,39,2004,hip hop,1.0
8448,68,2002,hip hop,1.0
8450,57,2004,hip hop,1.0
8452,67,2004,hip hop,1.0
8453,61,2003,hip hop,1.0
8454,63,2004,hip hop,1.0
8457,66,2004,hip hop,1.0
8458,57,2004,hip hop,1.0
8462,59,2001,hip hop,1.0
8463,61,2003,hip hop,1.0
8464,42,2004,hip hop,1.0
8465,73,2004,hip hop,1.0
8467,57,2004,hip hop,1.0
8471,72,2004,hip hop,1.0
8476,76,2004,hip hop,1.0
8478,48,2003,hip hop,1.0
8484,80,2004,hip hop,1.0
8485,56,2004,hip hop,1.0
8487,76,2004,hip hop,1.0
8488,59,2004,hip hop,1.0
8490,58,2004,hip hop,1.0
8491,64,2003,hip hop,1.0
8492,66,2003,hip hop,1.0
8495,48,2004,hip hop,1.0
8502,78,2005,hip hop,1.0
8503,77,2005,hip hop,1.0
8504,79,2005,hip hop,1.0
8511,76,2005,hip hop,1.0
8513,52,2004,hip hop,1.0
8514,59,2005,hip hop,1.0
8517,73,2005,hip hop,1.0
8518,72,2005,hip hop,1.0
8519,74,2005,hip hop,1.0
8520,71,2005,hip hop,1.0
8522,67,2005,hip hop,1.0
8524,60,2005,hip hop,1.0
8525,4,2005,hip hop,1.0
8526,65,2005,hip hop,1.0
8527,76,2004,hip hop,1.0
8528,77,2005,hip hop,1.0
8529,82,2005,hip hop,1.0
8530,62,2005,hip hop,1.0
8534,55,2005,hip hop,1.0
8535,77,2004,hip hop,1.0
8537,73,2005,hip hop,1.0
8538,54,2004,hip hop,1.0
8540,52,2005,hip hop,1.0
8541,50,2004,hip hop,1.0
8542,63,2005,hip hop,1.0
8543,67,2005,hip hop,1.0
8546,65,2005,hip hop,1.0
8548,63,2005,hip hop,1.0
8549,61,2005,hip hop,1.0
8550,39,2004,hip hop,1.0
8551,41,2005,hip hop,1.0
8554,52,2008,hip hop,1.0
8555,59,2004,hip hop,1.0
8559,59,2005,hip hop,1.0
8562,68,2004,hip hop,1.0
8563,56,2005,hip hop,1.0
8565,66,2004,hip hop,1.0
8567,57,2005,hip hop,1.0
8568,34,2020,hip hop,1.0
8569,66,2005,hip hop,1.0
8572,61,2005,hip hop,1.0
8574,62,2005,hip hop,1.0
8578,62,2005,hip hop,1.0
8580,61,2004,hip hop,1.0
8584,0,2005,hip hop,1.0
8589,67,2004,hip hop,1.0
8590,61,2004,hip hop,1.0
8601,78,2005,hip hop,1.0
8605,73,2006,hip hop,1.0
8606,74,2006,hip hop,1.0
8607,61,2006,hip hop,1.0
8608,79,2006,hip hop,1.0
8610,55,2006,hip hop,1.0
8612,71,2005,hip hop,1.0
8613,75,2005,hip hop,1.0
8614,82,2006,hip hop,1.0
8616,58,2006,hip hop,1.0
8619,74,2005,hip hop,1.0
8620,65,2006,hip hop,1.0
8622,63,2005,hip hop,1.0
8625,63,2006,hip hop,1.0
8627,67,2006,hip hop,1.0
8629,68,2005,hip hop,1.0
8630,66,2006,hip hop,1.0
8634,60,2005,hip hop,1.0
8637,0,2011,hip hop,1.0
8638,63,2005,hip hop,1.0
8639,42,2006,hip hop,1.0
8642,68,2005,hip hop,1.0
8648,70,2006,hip hop,1.0
8649,73,2005,hip hop,1.0
8650,60,2006,hip hop,1.0
8652,62,2006,hip hop,1.0
8656,64,2006,hip hop,1.0
8657,62,2006,hip hop,1.0
8659,56,2006,hip hop,1.0
8663,72,2005,hip hop,1.0
8666,48,2006,hip hop,1.0
8668,62,2005,hip hop,1.0
8677,42,2005,hip hop,1.0
8685,0,2005,hip hop,1.0
8697,69,2005,hip hop,1.0
8701,81,2008,hip hop,1.0
8708,80,2007,hip hop,1.0
8709,81,2006,hip hop,1.0
8714,70,2007,hip hop,1.0
8715,67,2007,hip hop,1.0
8719,54,2007,hip hop,1.0
8721,59,2007,hip hop,1.0
8723,74,2007,hip hop,1.0
8724,59,2006,hip hop,1.0
8726,69,2008,hip hop,1.0
8727,62,2007,hip hop,1.0
8728,47,2007,hip hop,1.0
8731,60,2007,hip hop,1.0
8732,68,2007,hip hop,1.0
8733,61,2007,hip hop,1.0
8736,59,2007,hip hop,1.0
8737,62,2007,hip hop,1.0
8745,57,2007,hip hop,1.0
8750,48,2013,hip hop,1.0
8751,70,2007,hip hop,1.0
8753,3,2007,hip hop,1.0
8754,59,2006,hip hop,1.0
8756,57,2006,hip hop,1.0
8757,57,2007,hip hop,1.0
8763,58,2007,hip hop,1.0
8772,52,2006,hip hop,1.0
8774,61,2007,hip hop,1.0
8777,57,2006,hip hop,1.0
8778,0,2006,hip hop,1.0
8782,78,2007,hip hop,1.0
8787,2,2007,hip hop,1.0
8788,61,2007,hip hop,1.0
8790,57,2007,hip hop,1.0
8797,64,2007,hip hop,1.0
8799,51,2006,hip hop,1.0
8800,80,2008,hip hop,1.0
8802,74,2008,hip hop,1.0
8804,74,2007,hip hop,1.0
8806,70,2007,hip hop,1.0
8808,75,2008,hip hop,1.0
8809,70,2007,hip hop,1.0
8811,76,2008,hip hop,1.0
8812,1,2011,hip hop,1.0
8814,69,2008,hip hop,1.0
8816,52,2007,hip hop,1.0
8819,77,2008,hip hop,1.0
8820,56,2007,hip hop,1.0
8824,34,2010,hip hop,1.0
8825,69,2008,hip hop,1.0
8828,46,2007,hip hop,1.0
8829,74,2007,hip hop,1.0
8831,75,2008,hip hop,1.0
8833,69,2008,hip hop,1.0
8834,61,2008,hip hop,1.0
8837,68,2007,hip hop,1.0
8840,68,2011,hip hop,1.0
8843,66,2007,hip hop,1.0
8845,65,2008,hip hop,1.0
8848,47,2007,hip hop,1.0
8852,60,2008,hip hop,1.0
8855,66,2008,hip hop,1.0
8856,54,2008,hip hop,1.0
8863,58,2008,hip hop,1.0
8865,62,2007,hip hop,1.0
8866,59,2008,hip hop,1.0
8867,71,2008,hip hop,1.0
8871,61,2008,hip hop,1.0
8875,74,2008,hip hop,1.0
8876,62,2007,hip hop,1.0
8883,45,2007,hip hop,1.0
8886,58,2007,hip hop,1.0
8890,1,2008,hip hop,1.0
8894,64,2007,hip hop,1.0
8895,74,2008,hip hop,1.0
8899,0,2008,hip hop,1.0
8900,80,2009,hip hop,1.0
8903,75,2010,hip hop,1.0
8904,74,2009,hip hop,1.0
8906,63,2009,hip hop,1.0
8911,72,2009,hip hop,1.0
8912,82,2008,hip hop,1.0
8913,72,2009,hip hop,1.0
8916,59,2009,hip hop,1.0
8920,68,2009,hip hop,1.0
8923,82,2009,hip hop,1.0
8925,67,2009,hip hop,1.0
8926,63,2009,hip hop,1.0
8928,66,2008,hip hop,1.0
8929,75,2009,hip hop,1.0
8931,75,2008,hip hop,1.0
8932,63,2009,hip hop,1.0
8933,38,2011,hip hop,1.0
8935,64,2009,hip hop,1.0
8936,59,2008,hip hop,1.0
8938,3,2009,hip hop,1.0
8940,69,2010,hip hop,1.0
8942,76,2008,hip hop,1.0
8943,70,2009,hip hop,1.0
8948,70,2008,hip hop,1.0
8954,73,2009,hip hop,1.0
8956,66,2008,hip hop,1.0
8958,59,2009,hip hop,1.0
8959,70,2010,hip hop,1.0
8961,68,2008,hip hop,1.0
8962,71,2009,hip hop,1.0
8968,55,2009,hip hop,1.0
8970,65,2008,hip hop,1.0
8975,74,2008,hip hop,1.0
8976,60,2011,hip hop,1.0
8979,62,2009,hip hop,1.0
8986,54,2010,hip hop,1.0
8995,62,2009,hip hop,1.0
9001,81,2010,hip hop,1.0
9005,76,2010,hip hop,1.0
9006,80,2010,hip hop,1.0
9007,73,2010,hip hop,1.0
9011,73,2010,hip hop,1.0
9012,62,2010,hip hop,1.0
9015,67,2009,hip hop,1.0
9016,69,2009,hip hop,1.0
9019,74,2010,hip hop,1.0
9020,61,2009,hip hop,1.0
9022,79,2010,hip hop,1.0
9024,74,2009,hip hop,1.0
9026,32,2010,hip hop,1.0
9027,69,2010,hip hop,1.0
9028,59,2011,hip hop,1.0
9030,68,2011,hip hop,1.0
9031,79,2010,hip hop,1.0
9032,75,2009,hip hop,1.0
9033,76,2010,hip hop,1.0
9034,74,2010,hip hop,1.0
9035,58,2010,hip hop,1.0
9036,57,2010,hip hop,1.0
9039,75,2010,hip hop,1.0
9042,55,2009,hip hop,1.0
9043,53,2010,hip hop,1.0
9045,0,2010,hip hop,1.0
9046,68,2009,hip hop,1.0
9049,73,2010,hip hop,1.0
9051,3,2009,hip hop,1.0
9052,68,2010,hip hop,1.0
9053,62,2010,hip hop,1.0
9055,66,2011,hip hop,1.0
9058,63,2010,hip hop,1.0
9060,51,2010,hip hop,1.0
9061,65,2010,hip hop,1.0
9063,74,2010,hip hop,1.0
9064,68,2010,hip hop,1.0
9065,73,2010,hip hop,1.0
9066,66,2010,hip hop,1.0
9069,54,2009,hip hop,1.0
9070,70,2010,hip hop,1.0
9071,57,2010,hip hop,1.0
9075,2,2009,hip hop,1.0
9076,60,2010,hip hop,1.0
9077,68,2010,hip hop,1.0
9081,56,2010,hip hop,1.0
9082,66,2010,hip hop,1.0
9084,65,2009,hip hop,1.0
9085,71,2009,hip hop,1.0
9086,74,2010,hip hop,1.0
9089,72,2010,hip hop,1.0
9099,65,2010,hip hop,1.0
9102,73,2011,hip hop,1.0
9105,71,2011,hip hop,1.0
9107,71,2010,hip hop,1.0
9108,79,2011,hip hop,1.0
9109,73,2010,hip hop,1.0
9111,68,2011,hip hop,1.0
9112,61,2010,hip hop,1.0
9113,67,2010,hip hop,1.0
9115,76,2010,hip hop,1.0
9116,72,2012,hip hop,1.0
9118,81,2011,hip hop,1.0
9120,75,2011,hip hop,1.0
9123,81,2011,hip hop,1.0
9126,72,2010,hip hop,1.0
9129,67,2011,hip hop,1.0
9131,57,2011,hip hop,1.0
9133,76,2010,hip hop,1.0
9138,63,2011,hip hop,1.0
9142,71,2011,hip hop,1.0
9143,1,2011,hip hop,1.0
9144,70,2011,hip hop,1.0
9145,71,2011,hip hop,1.0
9146,61,2010,hip hop,1.0
9149,65,2011,hip hop,1.0
9150,75,2011,hip hop,1.0
9152,48,2011,hip hop,1.0
9153,69,2011,hip hop,1.0
9155,76,2010,hip hop,1.0
9157,69,2010,hip hop,1.0
9158,66,2010,hip hop,1.0
9159,53,2019,hip hop,1.0
9163,48,2011,hip hop,1.0
9165,59,2011,hip hop,1.0
9167,0,2010,hip hop,1.0
9168,61,2011,hip hop,1.0
9169,62,2012,hip hop,1.0
9170,70,2012,hip hop,1.0
9172,74,2011,hip hop,1.0
9173,73,2011,hip hop,1.0
9175,63,2011,hip hop,1.0
9177,68,2011,hip hop,1.0
9179,70,2011,hip hop,1.0
9181,70,2011,hip hop,1.0
9189,73,2011,hip hop,1.0
9197,0,2011,hip hop,1.0
9200,75,2011,hip hop,1.0
9203,70,2012,hip hop,1.0
9204,74,2011,hip hop,1.0
9207,65,2012,hip hop,1.0
9208,71,2011,hip hop,1.0
9209,82,2011,hip hop,1.0
9211,70,2011,hip hop,1.0
9213,77,2012,hip hop,1.0
9214,62,2013,hip hop,1.0
9215,66,2012,hip hop,1.0
9216,64,2012,hip hop,1.0
9217,63,2012,hip hop,1.0
9219,73,2012,hip hop,1.0
9221,67,2011,hip hop,1.0
9224,66,2012,hip hop,1.0
9229,76,2012,hip hop,1.0
9230,75,2012,hip hop,1.0
9231,62,2012,hip hop,1.0
9233,75,2012,hip hop,1.0
9234,67,2012,hip hop,1.0
9237,0,2014,hip hop,1.0
9243,61,2012,hip hop,1.0
9244,79,2012,hip hop,1.0
9245,0,2012,hip hop,1.0
9249,64,2012,hip hop,1.0
9250,64,2012,hip hop,1.0
9251,66,2012,hip hop,1.0
9256,79,2012,hip hop,1.0
9257,74,2011,hip hop,1.0
9259,61,2012,hip hop,1.0
9262,77,2011,hip hop,1.0
9264,46,2012,hip hop,1.0
9266,58,2012,hip hop,1.0
9272,77,2012,hip hop,1.0
9277,62,2012,hip hop,1.0
9284,61,2011,hip hop,1.0
9287,62,2012,hip hop,1.0
9289,74,2011,hip hop,1.0
9291,48,2012,hip hop,1.0
9296,75,2011,hip hop,1.0
9305,1,2012,hip hop,1.0
9306,83,2013,hip hop,1.0
9307,78,2013,hip hop,1.0
9312,69,2013,hip hop,1.0
9313,69,2012,hip hop,1.0
9314,77,2012,hip hop,1.0
9315,68,2013,hip hop,1.0
9316,68,2013,hip hop,1.0
9317,81,2012,hip hop,1.0
9319,56,2013,hip hop,1.0
9328,75,2013,hip hop,1.0
9329,64,2012,hip hop,1.0
9333,60,2012,hip hop,1.0
9334,0,2013,hip hop,1.0
9336,66,2013,hip hop,1.0
9347,61,2012,hip hop,1.0
9348,76,2013,hip hop,1.0
9350,63,2013,hip hop,1.0
9353,70,2012,hip hop,1.0
9357,50,2013,hip hop,1.0
9359,71,2012,hip hop,1.0
9361,61,2013,hip hop,1.0
9363,65,2013,hip hop,1.0
9369,65,2012,hip hop,1.0
9370,62,2013,hip hop,1.0
9375,57,2013,hip hop,1.0
9376,0,2012,hip hop,1.0
9378,0,2013,hip hop,1.0
9379,69,2013,hip hop,1.0
9385,0,2013,hip hop,1.0
9388,72,2013,hip hop,1.0
9391,0,2013,hip hop,1.0
9396,76,2012,hip hop,1.0
9400,79,2014,hip hop,1.0
9402,0,2014,hip hop,1.0
9403,69,2014,hip hop,1.0
9411,50,2014,hip hop,1.0
9412,67,2014,hip hop,1.0
9415,69,2014,hip hop,1.0
9416,56,2013,hip hop,1.0
9418,45,2014,hip hop,1.0
9419,71,2014,hip hop,1.0
9422,62,2015,hip hop,1.0
9423,72,2014,hip hop,1.0
9424,61,2014,hip hop,1.0
9425,66,2013,hip hop,1.0
9427,74,2015,hip hop,1.0
9428,66,2014,hip hop,1.0
9429,75,2014,hip hop,1.0
9430,70,2013,hip hop,1.0
9431,80,2012,hip hop,1.0
9433,73,2014,hip hop,1.0
9434,21,2014,hip hop,1.0
9435,0,2014,hip hop,1.0
9436,76,2014,hip hop,1.0
9443,2,2014,hip hop,1.0
9448,68,2014,hip hop,1.0
9450,72,2014,hip hop,1.0
9459,77,2014,hip hop,1.0
9463,82,2012,hip hop,1.0
9470,65,2014,hip hop,1.0
9481,63,2014,hip hop,1.0
9485,55,2014,hip hop,1.0
9493,67,2014,hip hop,1.0
9497,53,2013,hip hop,1.0
9498,53,2014,hip hop,1.0
9502,81,2015,hip hop,1.0
9504,73,2015,hip hop,1.0
9507,78,2014,hip hop,1.0
9508,75,2014,hip hop,1.0
9515,69,2014,hip hop,1.0
9517,71,2015,hip hop,1.0
9519,49,2015,hip hop,1.0
9521,76,2015,hip hop,1.0
9523,62,2015,hip hop,1.0
9525,76,2016,hip hop,1.0
9531,49,2015,hip hop,1.0
9534,72,2018,hip hop,1.0
9537,80,2014,hip hop,1.0
9539,73,2015,hip hop,1.0
9542,73,2015,hip hop,1.0
9548,76,2015,hip hop,1.0
9549,0,2015,hip hop,1.0
9550,71,2015,hip hop,1.0
9552,68,2015,hip hop,1.0
9557,77,2015,hip hop,1.0
9558,77,2016,hip hop,1.0
9561,74,2015,hip hop,1.0
9565,75,2015,hip hop,1.0
9570,55,2015,hip hop,1.0
9575,47,2015,hip hop,1.0
9576,68,2015,hip hop,1.0
9577,75,2015,hip hop,1.0
9579,0,2015,hip hop,1.0
9582,67,2015,hip hop,1.0
9586,78,2015,hip hop,1.0
9587,1,2015,hip hop,1.0
9589,0,2015,hip hop,1.0
9601,84,2016,hip hop,1.0
9605,70,2016,hip hop,1.0
9609,75,2016,hip hop,1.0
9614,67,2016,hip hop,1.0
9615,77,2015,hip hop,1.0
9616,68,2016,hip hop,1.0
9618,75,2016,hip hop,1.0
9620,74,2016,hip hop,1.0
9623,62,2016,hip hop,1.0
9625,70,2016,hip hop,1.0
9632,81,2016,hip hop,1.0
9633,79,2016,hip hop,1.0
9634,77,2016,hip hop,1.0
9635,69,2016,hip hop,1.0
9636,80,2016,hip hop,1.0
9641,74,2016,hip hop,1.0
9644,76,2015,hip hop,1.0
9652,0,2016,hip hop,1.0
9655,73,2016,hip hop,1.0
9659,75,2015,hip hop,1.0
9662,51,2016,hip hop,1.0
9666,63,2016,hip hop,1.0
9669,0,2016,hip hop,1.0
9671,72,2015,hip hop,1.0
9675,0,2016,hip hop,1.0
9677,0,2016,hip hop,1.0
9679,78,2015,hip hop,1.0
9680,63,2016,hip hop,1.0
9686,62,2016,hip hop,1.0
9687,77,2016,hip hop,1.0
9688,63,2016,hip hop,1.0
9691,63,2016,hip hop,1.0
9693,76,2015,hip hop,1.0
9698,79,2016,hip hop,1.0
9699,74,2016,hip hop,1.0
9701,84,2018,hip hop,1.0
9711,83,2016,hip hop,1.0
9713,79,2017,hip hop,1.0
9714,0,2017,hip hop,1.0
9716,75,2016,hip hop,1.0
9717,77,2017,hip hop,1.0
9718,74,2017,hip hop,1.0
9719,82,2017,hip hop,1.0
9720,74,2017,hip hop,1.0
9724,1,2016,hip hop,1.0
9725,75,2016,hip hop,1.0
9727,0,2017,hip hop,1.0
9728,69,2017,hip hop,1.0
9729,81,2017,hip hop,1.0
9731,76,2016,hip hop,1.0
9732,75,2017,hip hop,1.0
9733,0,2017,hip hop,1.0
9734,77,2017,hip hop,1.0
9736,58,2017,hip hop,1.0
9739,0,2017,hip hop,1.0
9745,4,2017,hip hop,1.0
9746,64,2017,hip hop,1.0
9749,51,2017,hip hop,1.0
9750,0,2017,hip hop,1.0
9751,0,2017,hip hop,1.0
9752,83,2017,hip hop,1.0
9753,72,2017,hip hop,1.0
9754,67,2017,hip hop,1.0
9759,67,2017,hip hop,1.0
9760,68,2017,hip hop,1.0
9762,63,2017,hip hop,1.0
9765,59,2017,hip hop,1.0
9768,72,2017,hip hop,1.0
9769,81,2016,hip hop,1.0
9774,79,2017,hip hop,1.0
9775,64,2017,hip hop,1.0
9778,74,2017,hip hop,1.0
9781,0,2017,hip hop,1.0
9785,71,2017,hip hop,1.0
9793,71,2017,hip hop,1.0
9800,81,2018,hip hop,1.0
9801,83,2018,hip hop,1.0
9802,80,2017,hip hop,1.0
9803,75,2017,hip hop,1.0
9805,84,2018,hip hop,1.0
9806,80,2018,hip hop,1.0
9808,79,2018,hip hop,1.0
9809,82,2018,hip hop,1.0
9811,77,2018,hip hop,1.0
9812,81,2018,hip hop,1.0
9813,73,2018,hip hop,1.0
9814,81,2018,hip hop,1.0
9816,76,2018,hip hop,1.0
9820,75,2018,hip hop,1.0
9822,77,2018,hip hop,1.0
9823,42,2018,hip hop,1.0
9826,72,2018,hip hop,1.0
9828,82,2018,hip hop,1.0
9830,71,2017,hip hop,1.0
9831,63,2018,hip hop,1.0
9832,58,2017,hip hop,1.0
9834,71,2018,hip hop,1.0
9835,72,2018,hip hop,1.0
9836,80,2018,hip hop,1.0
9837,69,2018,hip hop,1.0
9838,64,2017,hip hop,1.0
9840,66,2018,hip hop,1.0
9852,79,2017,hip hop,1.0
9853,79,2018,hip hop,1.0
9855,72,2018,hip hop,1.0
9856,79,2018,hip hop,1.0
9858,59,2018,hip hop,1.0
9861,80,2018,hip hop,1.0
9862,73,2018,hip hop,1.0
9863,72,2017,hip hop,1.0
9867,72,2018,hip hop,1.0
9868,68,2018,hip hop,1.0
9869,75,2018,hip hop,1.0
9870,60,2018,hip hop,1.0
9873,75,2018,hip hop,1.0
9876,63,2017,hip hop,1.0
9878,72,2018,hip hop,1.0
9880,67,2018,hip hop,1.0
9886,68,2018,hip hop,1.0
9892,70,2018,hip hop,1.0
9897,77,2018,hip hop,1.0
9898,80,2017,hip hop,1.0
9899,77,2018,hip hop,1.0
9900,79,2019,hip hop,1.0
9904,79,2019,hip hop,1.0
9911,60,2019,hip hop,1.0
9912,75,2019,hip hop,1.0
9913,0,2019,hip hop,1.0
9914,77,2018,hip hop,1.0
9918,68,2019,hip hop,1.0
9921,81,2018,hip hop,1.0
9924,70,2019,hip hop,1.0
9925,73,2018,hip hop,1.0
9926,71,2019,hip hop,1.0
9927,78,2019,hip hop,1.0
9931,76,2019,hip hop,1.0
9932,78,2018,hip hop,1.0
9933,79,2019,hip hop,1.0
9935,75,2018,hip hop,1.0
9936,72,2019,hip hop,1.0
9937,72,2019,hip hop,1.0
9938,76,2019,hip hop,1.0
9939,71,2019,hip hop,1.0
9941,78,2019,hip hop,1.0
9942,53,2019,hip hop,1.0
9943,78,2018,hip hop,1.0
9944,69,2019,hip hop,1.0
9947,69,2019,hip hop,1.0
9948,73,2018,hip hop,1.0
9950,78,2019,hip hop,1.0
9953,61,2019,hip hop,1.0
9954,73,2019,hip hop,1.0
9956,73,2019,hip hop,1.0
9957,64,2019,hip hop,1.0
9963,80,2019,hip hop,1.0
9966,1,2018,hip hop,1.0
9967,72,2019,hip hop,1.0
9968,69,2019,hip hop,1.0
9971,64,2019,hip hop,1.0
9975,80,2019,hip hop,1.0
9979,69,2019,hip hop,1.0
9982,74,2019,hip hop,1.0
9984,80,2018,hip hop,1.0
9987,69,2019,hip hop,1.0
9991,57,2020,hip hop,1.0
9994,1,2019,hip hop,1.0
9997,69,2019,hip hop,1.0
9999,85,2019,hip hop,1.0
10005,69,1999,R&B,1.0
10008,75,1999,R&B,1.0
10015,53,2002,R&B,1.0
10027,53,2000,R&B,1.0
10031,49,2000,R&B,1.0
10033,52,2000,R&B,1.0
10035,59,1999,R&B,1.0
10039,55,2000,R&B,1.0
10041,66,2000,R&B,1.0
10042,36,2000,R&B,1.0
10044,49,1998,R&B,1.0
10047,59,2000,R&B,1.0
10048,64,2000,R&B,1.0
10049,52,2004,R&B,1.0
10050,47,2001,R&B,1.0
10052,55,2000,R&B,1.0
10053,60,1999,R&B,1.0
10055,59,1999,R&B,1.0
10056,65,2000,R&B,1.0
10057,63,1999,R&B,1.0
10062,0,2011,R&B,1.0
10063,60,2000,R&B,1.0
10067,55,2000,R&B,1.0
10068,70,2000,R&B,1.0
10070,55,2000,R&B,1.0
10075,70,1999,R&B,1.0
10078,52,2000,R&B,1.0
10081,57,1999,R&B,1.0
10085,65,2001,R&B,1.0
10087,54,2000,R&B,1.0
10090,60,2001,R&B,1.0
10094,65,2000,R&B,1.0
10099,68,2000,R&B,1.0
10101,70,2001,R&B,1.0
10110,71,2001,R&B,1.0
10113,57,2001,R&B,1.0
10114,76,2001,R&B,1.0
10120,57,2001,R&B,1.0
10122,43,2001,R&B,1.0
10124,64,2001,R&B,1.0
10125,73,2001,R&B,1.0
10126,0,2001,R&B,1.0
10127,50,2002,R&B,1.0
10132,42,2001,R&B,1.0
10134,57,2000,R&B,1.0
10136,57,2001,R&B,1.0
10137,68,2001,R&B,1.0
10139,60,2001,R&B,1.0
10143,48,2000,R&B,1.0
10144,61,2001,R&B,1.0
10145,67,2001,R&B,1.0
10147,55,2001,R&B,1.0
10148,63,2001,R&B,1.0
10154,26,2016,R&B,1.0
10158,67,2001,R&B,1.0
10161,60,2000,R&B,1.0
10165,56,2000,R&B,1.0
10170,64,2001,R&B,1.0
10172,56,2001,R&B,1.0
10176,65,2001,R&B,1.0
10178,64,2001,R&B,1.0
10179,65,2001,R&B,1.0
10181,66,2001,R&B,1.0
10182,0,2000,R&B,1.0
10187,60,2001,R&B,1.0
10188,75,2000,R&B,1.0
10192,69,2001,R&B,1.0
10194,30,2019,R&B,1.0
10196,56,2000,R&B,1.0
10197,65,2001,R&B,1.0
10200,77,2002,R&B,1.0
10207,58,2002,R&B,1.0
10211,60,2001,R&B,1.0
10213,53,2002,R&B,1.0
10217,0,2019,R&B,1.0
10219,59,2002,R&B,1.0
10221,43,2002,R&B,1.0
10225,49,2001,R&B,1.0
10226,42,2002,R&B,1.0
10227,52,2002,R&B,1.0
10232,58,2002,R&B,1.0
10234,59,2015,R&B,1.0
10235,64,2002,R&B,1.0
10237,75,2002,R&B,1.0
10240,49,2002,R&B,1.0
10241,45,2002,R&B,1.0
10246,2,2002,R&B,1.0
10248,58,2002,R&B,1.0
10250,53,2001,R&B,1.0
10258,55,2002,R&B,1.0
10261,32,2001,R&B,1.0
10264,61,2002,R&B,1.0
10267,52,2001,R&B,1.0
10270,70,2002,R&B,1.0
10274,73,2001,R&B,1.0
10275,70,2002,R&B,1.0
10286,59,2001,R&B,1.0
10303,76,2003,R&B,1.0
10306,70,2002,R&B,1.0
10319,57,2003,R&B,1.0
10320,59,2002,R&B,1.0
10323,62,2003,R&B,1.0
10324,73,2003,R&B,1.0
10325,36,2002,R&B,1.0
10332,63,2003,R&B,1.0
10333,47,2019,R&B,1.0
10337,50,2003,R&B,1.0
10339,58,2008,R&B,1.0
10340,61,2003,R&B,1.0
10342,52,2016,R&B,1.0
10346,58,2003,R&B,1.0
10349,69,2003,R&B,1.0
10351,48,2003,R&B,1.0
10352,48,2003,R&B,1.0
10354,61,2002,R&B,1.0
10355,57,2002,R&B,1.0
10359,49,2003,R&B,1.0
10361,57,2002,R&B,1.0
10362,59,2003,R&B,1.0
10368,60,2002,R&B,1.0
10372,48,2003,R&B,1.0
10375,54,2002,R&B,1.0
10376,70,2002,R&B,1.0
10377,65,2003,R&B,1.0
10381,55,2002,R&B,1.0
10382,60,2002,R&B,1.0
10383,64,2003,R&B,1.0
10386,61,2003,R&B,1.0
10387,61,2003,R&B,1.0
10388,47,2003,R&B,1.0
10389,61,2002,R&B,1.0
10392,67,2003,R&B,1.0
10396,63,2003,R&B,1.0
10400,81,2004,R&B,1.0
10411,60,2004,R&B,1.0
10412,56,2004,R&B,1.0
10415,63,2003,R&B,1.0
10420,42,2004,R&B,1.0
10422,61,2004,R&B,1.0
10424,67,2004,R&B,1.0
10425,63,2003,R&B,1.0
10426,56,2004,R&B,1.0
10430,67,2004,R&B,1.0
10431,73,2003,R&B,1.0
10440,68,2003,R&B,1.0
10442,49,2005,R&B,1.0
10443,45,2004,R&B,1.0
10444,56,2003,R&B,1.0
10446,58,2003,R&B,1.0
10453,61,2003,R&B,1.0
10457,66,2004,R&B,1.0
10467,57,2004,R&B,1.0
10468,46,2004,R&B,1.0
10471,72,2004,R&B,1.0
10473,57,2003,R&B,1.0
10475,55,2003,R&B,1.0
10482,62,2003,R&B,1.0
10485,56,2004,R&B,1.0
10487,76,2004,R&B,1.0
10488,59,2004,R&B,1.0
10494,57,2003,R&B,1.0
10499,61,2003,R&B,1.0
10500,69,2005,R&B,1.0
10501,72,2004,R&B,1.0
10503,77,2005,R&B,1.0
10507,72,2005,R&B,1.0
10515,68,2004,R&B,1.0
10520,71,2005,R&B,1.0
10521,0,2005,R&B,1.0
10523,61,2004,R&B,1.0
10525,4,2005,R&B,1.0
10526,65,2005,R&B,1.0
10533,64,2005,R&B,1.0
10543,67,2005,R&B,1.0
10546,65,2005,R&B,1.0
10548,63,2005,R&B,1.0
10552,63,2004,R&B,1.0
10553,52,2005,R&B,1.0
10554,52,2008,R&B,1.0
10558,69,2004,R&B,1.0
10559,59,2005,R&B,1.0
10561,50,2003,R&B,1.0
10563,56,2005,R&B,1.0
10566,0,2005,R&B,1.0
10569,66,2005,R&B,1.0
10571,59,2004,R&B,1.0
10574,62,2005,R&B,1.0
10578,62,2005,R&B,1.0
10580,61,2004,R&B,1.0
10581,71,2004,R&B,1.0
10584,0,2005,R&B,1.0
10585,58,2004,R&B,1.0
10586,67,2005,R&B,1.0
10590,61,2004,R&B,1.0
10593,55,2004,R&B,1.0
10594,71,2004,R&B,1.0
10598,59,2004,R&B,1.0
10603,70,2007,R&B,1.0
10604,71,2006,R&B,1.0
10605,73,2006,R&B,1.0
10606,74,2006,R&B,1.0
10617,68,2005,R&B,1.0
10618,59,2006,R&B,1.0
10620,65,2006,R&B,1.0
10622,63,2005,R&B,1.0
10624,73,2006,R&B,1.0
10626,57,2005,R&B,1.0
10634,60,2005,R&B,1.0
10636,57,2006,R&B,1.0
10639,42,2006,R&B,1.0
10640,57,2007,R&B,1.0
10643,50,2006,R&B,1.0
10646,69,2005,R&B,1.0
10648,70,2006,R&B,1.0
10652,62,2006,R&B,1.0
10655,57,2007,R&B,1.0
10662,45,2006,R&B,1.0
10663,72,2005,R&B,1.0
10665,67,2006,R&B,1.0
10666,48,2006,R&B,1.0
10667,64,2005,R&B,1.0
10669,63,2006,R&B,1.0
10673,75,2006,R&B,1.0
10678,67,2005,R&B,1.0
10685,0,2005,R&B,1.0
10689,64,2006,R&B,1.0
10696,49,2006,R&B,1.0
10697,69,2005,R&B,1.0
10700,75,2007,R&B,1.0
10701,81,2008,R&B,1.0
10703,76,2006,R&B,1.0
10707,71,2006,R&B,1.0
10708,80,2007,R&B,1.0
10714,70,2007,R&B,1.0
10718,68,2006,R&B,1.0
10720,64,2007,R&B,1.0
10726,69,2008,R&B,1.0
10727,62,2007,R&B,1.0
10731,60,2007,R&B,1.0
10732,68,2007,R&B,1.0
10737,62,2007,R&B,1.0
10742,64,2006,R&B,1.0
10746,66,2007,R&B,1.0
10748,74,2007,R&B,1.0
10751,70,2007,R&B,1.0
10753,3,2007,R&B,1.0
10755,63,2006,R&B,1.0
10756,57,2006,R&B,1.0
10757,57,2007,R&B,1.0
10762,76,2006,R&B,1.0
10763,58,2007,R&B,1.0
10764,56,2006,R&B,1.0
10774,61,2007,R&B,1.0
10777,57,2006,R&B,1.0
10782,78,2007,R&B,1.0
10787,2,2007,R&B,1.0
10797,64,2007,R&B,1.0
10802,74,2008,R&B,1.0
10803,77,2007,R&B,1.0
10804,74,2007,R&B,1.0
10805,71,2008,R&B,1.0
10806,70,2007,R&B,1.0
10807,66,2008,R&B,1.0
10808,75,2008,R&B,1.0
10811,76,2008,R&B,1.0
10819,77,2008,R&B,1.0
10824,34,2010,R&B,1.0
10827,72,2008,R&B,1.0
10832,65,2008,R&B,1.0
10834,61,2008,R&B,1.0
10837,68,2007,R&B,1.0
10841,56,2008,R&B,1.0
10843,66,2007,R&B,1.0
10844,64,2008,R&B,1.0
10845,65,2008,R&B,1.0
10849,78,2008,R&B,1.0
10853,57,2008,R&B,1.0
10860,0,2008,R&B,1.0
10865,62,2007,R&B,1.0
10867,71,2008,R&B,1.0
10871,61,2008,R&B,1.0
10872,70,2008,R&B,1.0
10873,62,2007,R&B,1.0
10876,62,2007,R&B,1.0
10879,64,2007,R&B,1.0
10880,56,2007,R&B,1.0
10884,69,2008,R&B,1.0
10886,58,2007,R&B,1.0
10888,54,2007,R&B,1.0
10890,1,2008,R&B,1.0
10891,60,2008,R&B,1.0
10892,55,2008,R&B,1.0
10895,74,2008,R&B,1.0
10896,1,2008,R&B,1.0
10897,67,2007,R&B,1.0
10898,58,2006,R&B,1.0
10899,0,2008,R&B,1.0
10902,74,2008,R&B,1.0
10917,66,2009,R&B,1.0
10918,48,2008,R&B,1.0
10925,67,2009,R&B,1.0
10934,58,2009,R&B,1.0
10935,64,2009,R&B,1.0
10938,3,2009,R&B,1.0
10939,41,2008,R&B,1.0
10950,64,2008,R&B,1.0
10953,51,2009,R&B,1.0
10954,73,2009,R&B,1.0
10958,59,2009,R&B,1.0
10962,71,2009,R&B,1.0
10970,65,2008,R&B,1.0
10974,70,2008,R&B,1.0
10977,67,2008,R&B,1.0
10979,62,2009,R&B,1.0
10986,54,2010,R&B,1.0
10987,56,2009,R&B,1.0
10989,57,2009,R&B,1.0
10990,64,2008,R&B,1.0
10992,57,2009,R&B,1.0
10997,68,2009,R&B,1.0
11007,73,2010,R&B,1.0
11015,67,2009,R&B,1.0
11016,69,2009,R&B,1.0
11024,74,2009,R&B,1.0
11025,57,2010,R&B,1.0
11028,59,2011,R&B,1.0
11030,68,2011,R&B,1.0
11031,79,2010,R&B,1.0
11034,74,2010,R&B,1.0
11042,55,2009,R&B,1.0
11045,0,2010,R&B,1.0
11046,68,2009,R&B,1.0
11049,73,2010,R&B,1.0
11051,3,2009,R&B,1.0
11052,68,2010,R&B,1.0
11062,1,2010,R&B,1.0
11065,73,2010,R&B,1.0
11066,66,2010,R&B,1.0
11067,35,2010,R&B,1.0
11069,54,2009,R&B,1.0
11071,57,2010,R&B,1.0
11075,2,2009,R&B,1.0
11076,60,2010,R&B,1.0
11081,56,2010,R&B,1.0
11091,71,2009,R&B,1.0
11100,2,2011,R&B,1.0
11108,79,2011,R&B,1.0
11109,73,2010,R&B,1.0
11113,67,2010,R&B,1.0
11126,72,2010,R&B,1.0
11141,2,2011,R&B,1.0
11145,71,2011,R&B,1.0
11149,65,2011,R&B,1.0
11150,75,2011,R&B,1.0
11153,69,2011,R&B,1.0
11156,78,2010,R&B,1.0
11157,69,2010,R&B,1.0
11158,66,2010,R&B,1.0
11159,53,2019,R&B,1.0
11172,74,2011,R&B,1.0
11180,64,2011,R&B,1.0
11182,4,2011,R&B,1.0
11184,67,2010,R&B,1.0
11192,69,2011,R&B,1.0
11200,75,2011,R&B,1.0
11206,74,2012,R&B,1.0
11208,71,2011,R&B,1.0
11224,66,2012,R&B,1.0
11230,75,2012,R&B,1.0
11237,0,2014,R&B,1.0
11245,0,2012,R&B,1.0
11247,0,2011,R&B,1.0
11249,64,2012,R&B,1.0
11250,64,2012,R&B,1.0
11278,65,2012,R&B,1.0
11287,62,2012,R&B,1.0
11288,74,2011,R&B,1.0
11289,74,2011,R&B,1.0
11294,69,2012,R&B,1.0
11296,75,2011,R&B,1.0
11301,55,2013,R&B,1.0
11361,61,2013,R&B,1.0
11362,64,2013,R&B,1.0
11363,65,2013,R&B,1.0
11375,57,2013,R&B,1.0
11378,0,2013,R&B,1.0
11388,72,2013,R&B,1.0
11396,76,2012,R&B,1.0
11408,84,2013,R&B,1.0
11419,71,2014,R&B,1.0
11422,62,2015,R&B,1.0
11427,74,2015,R&B,1.0
11444,80,2014,R&B,1.0
11450,72,2014,R&B,1.0
11485,55,2014,R&B,1.0
11489,70,2014,R&B,1.0
11493,67,2014,R&B,1.0
11505,76,2014,R&B,1.0
11511,84,2015,R&B,1.0
11523,62,2015,R&B,1.0
11536,0,2015,R&B,1.0
11539,73,2015,R&B,1.0
11547,72,2015,R&B,1.0
11550,71,2015,R&B,1.0
11554,69,2014,R&B,1.0
11557,77,2015,R&B,1.0
11558,77,2016,R&B,1.0
11563,79,2015,R&B,1.0
11564,55,2015,R&B,1.0
11573,0,2015,R&B,1.0
11579,0,2015,R&B,1.0
11586,78,2015,R&B,1.0
11588,71,2015,R&B,1.0
11600,0,2016,R&B,1.0
11601,84,2016,R&B,1.0
11604,1,2015,R&B,1.0
11609,75,2016,R&B,1.0
11613,86,2015,R&B,1.0
11636,80,2016,R&B,1.0
11652,0,2016,R&B,1.0
11655,73,2016,R&B,1.0
11658,69,2016,R&B,1.0
11666,63,2016,R&B,1.0
11668,66,2016,R&B,1.0
11671,72,2015,R&B,1.0
11677,0,2016,R&B,1.0
11679,78,2015,R&B,1.0
11686,62,2016,R&B,1.0
11693,76,2015,R&B,1.0
11695,67,2016,R&B,1.0
11698,79,2016,R&B,1.0
11699,74,2016,R&B,1.0
11744,76,2017,R&B,1.0
11766,67,2017,R&B,1.0
11781,0,2017,R&B,1.0
11784,76,2016,R&B,1.0
11791,78,2016,R&B,1.0
11800,81,2018,R&B,1.0
11818,69,2018,R&B,1.0
11822,77,2018,R&B,1.0
11824,80,2018,R&B,1.0
11869,75,2018,R&B,1.0
11878,72,2018,R&B,1.0
11886,68,2018,R&B,1.0
11896,73,2018,R&B,1.0
11897,77,2018,R&B,1.0
11926,71,2019,R&B,1.0
11938,76,2019,R&B,1.0
11965,70,2018,R&B,1.0
11979,69,2019,R&B,1.0
11982,74,2019,R&B,1.0
11992,71,2019,R&B,1.0
12009,77,2001,Dance/Electronic,1.0
12014,61,1999,Dance/Electronic,1.0
12024,54,1999,Dance/Electronic,1.0
12026,69,2001,Dance/Electronic,1.0
12028,54,2000,Dance/Electronic,1.0
12029,47,2016,Dance/Electronic,1.0
12036,55,2000,Dance/Electronic,1.0
12060,58,2010,Dance/Electronic,1.0
12074,56,1999,Dance/Electronic,1.0
12103,73,2001,Dance/Electronic,1.0
12112,62,2001,Dance/Electronic,1.0
12115,53,2015,Dance/Electronic,1.0
12118,54,2006,Dance/Electronic,1.0
12129,76,2001,Dance/Electronic,1.0
12131,50,2001,Dance/Electronic,1.0
12140,50,2000,Dance/Electronic,1.0
12150,54,2001,Dance/Electronic,1.0
12163,61,2001,Dance/Electronic,1.0
12164,46,2004,Dance/Electronic,1.0
12171,53,2000,Dance/Electronic,1.0
12175,0,2018,Dance/Electronic,1.0
12180,54,2001,Dance/Electronic,1.0
12183,51,2001,Dance/Electronic,1.0
12185,0,2001,Dance/Electronic,1.0
12218,54,2002,Dance/Electronic,1.0
12224,46,2013,Dance/Electronic,1.0
12231,47,2013,Dance/Electronic,1.0
12236,55,2000,Dance/Electronic,1.0
12242,48,2002,Dance/Electronic,1.0
12252,55,2001,Dance/Electronic,1.0
12259,62,2002,Dance/Electronic,1.0
12309,66,2003,Dance/Electronic,1.0
12312,59,2004,Dance/Electronic,1.0
12341,58,2003,Dance/Electronic,1.0
12343,57,2003,Dance/Electronic,1.0
12356,60,2003,Dance/Electronic,1.0
12357,59,2003,Dance/Electronic,1.0
12364,38,2003,Dance/Electronic,1.0
12423,72,2004,Dance/Electronic,1.0
12425,63,2003,Dance/Electronic,1.0
12440,68,2003,Dance/Electronic,1.0
12449,65,2004,Dance/Electronic,1.0
12451,0,2003,Dance/Electronic,1.0
12456,47,2004,Dance/Electronic,1.0
12473,57,2003,Dance/Electronic,1.0
12474,43,2004,Dance/Electronic,1.0
12489,59,2004,Dance/Electronic,1.0
12490,58,2004,Dance/Electronic,1.0
12493,59,2004,Dance/Electronic,1.0
12516,63,2005,Dance/Electronic,1.0
12532,54,2005,Dance/Electronic,1.0
12609,69,2006,Dance/Electronic,1.0
12615,39,2015,Dance/Electronic,1.0
12628,40,2006,Dance/Electronic,1.0
12637,0,2011,Dance/Electronic,1.0
12643,50,2006,Dance/Electronic,1.0
12644,49,2005,Dance/Electronic,1.0
12647,49,2012,Dance/Electronic,1.0
12672,63,2006,Dance/Electronic,1.0
12711,73,2007,Dance/Electronic,1.0
12712,65,2007,Dance/Electronic,1.0
12716,0,2007,Dance/Electronic,1.0
12717,0,2015,Dance/Electronic,1.0
12745,57,2007,Dance/Electronic,1.0
12766,59,2017,Dance/Electronic,1.0
12767,36,2005,Dance/Electronic,1.0
12786,52,2006,Dance/Electronic,1.0
12797,64,2007,Dance/Electronic,1.0
12810,65,2007,Dance/Electronic,1.0
12823,65,2008,Dance/Electronic,1.0
12840,68,2011,Dance/Electronic,1.0
12851,57,2008,Dance/Electronic,1.0
12859,47,2007,Dance/Electronic,1.0
12862,55,2007,Dance/Electronic,1.0
12866,59,2008,Dance/Electronic,1.0
12868,53,2008,Dance/Electronic,1.0
12869,55,2008,Dance/Electronic,1.0
12870,51,2008,Dance/Electronic,1.0
12886,58,2007,Dance/Electronic,1.0
12903,75,2010,Dance/Electronic,1.0
12910,57,2009,Dance/Electronic,1.0
12919,65,2009,Dance/Electronic,1.0
12926,63,2009,Dance/Electronic,1.0
12933,38,2011,Dance/Electronic,1.0
12940,69,2010,Dance/Electronic,1.0
12941,65,2009,Dance/Electronic,1.0
12945,59,2009,Dance/Electronic,1.0
12946,54,2009,Dance/Electronic,1.0
12955,63,2009,Dance/Electronic,1.0
12957,58,2005,Dance/Electronic,1.0
12963,77,2008,Dance/Electronic,1.0
12964,65,2009,Dance/Electronic,1.0
12966,71,2009,Dance/Electronic,1.0
12968,55,2009,Dance/Electronic,1.0
12971,59,2009,Dance/Electronic,1.0
12976,60,2011,Dance/Electronic,1.0
13004,80,2010,Dance/Electronic,1.0
13005,76,2010,Dance/Electronic,1.0
13009,68,2010,Dance/Electronic,1.0
13012,62,2010,Dance/Electronic,1.0
13013,46,2010,Dance/Electronic,1.0
13017,63,2010,Dance/Electronic,1.0
13021,47,2009,Dance/Electronic,1.0
13029,63,2010,Dance/Electronic,1.0
13036,57,2010,Dance/Electronic,1.0
13039,75,2010,Dance/Electronic,1.0
13041,1,2010,Dance/Electronic,1.0
13043,53,2010,Dance/Electronic,1.0
13048,0,2010,Dance/Electronic,1.0
13056,54,2010,Dance/Electronic,1.0
13059,61,2010,Dance/Electronic,1.0
13072,63,2010,Dance/Electronic,1.0
13073,62,2010,Dance/Electronic,1.0
13074,61,2010,Dance/Electronic,1.0
13078,18,2010,Dance/Electronic,1.0
13079,69,2010,Dance/Electronic,1.0
13080,54,2010,Dance/Electronic,1.0
13097,0,2010,Dance/Electronic,1.0
13102,73,2011,Dance/Electronic,1.0
13106,0,2011,Dance/Electronic,1.0
13107,71,2010,Dance/Electronic,1.0
13110,69,2010,Dance/Electronic,1.0
13114,42,2011,Dance/Electronic,1.0
13116,72,2012,Dance/Electronic,1.0
13117,51,2011,Dance/Electronic,1.0
13119,79,2011,Dance/Electronic,1.0
13127,49,2011,Dance/Electronic,1.0
13128,61,2011,Dance/Electronic,1.0
13129,67,2011,Dance/Electronic,1.0
13130,70,2011,Dance/Electronic,1.0
13132,55,2012,Dance/Electronic,1.0
13135,76,2011,Dance/Electronic,1.0
13147,77,2011,Dance/Electronic,1.0
13148,71,2010,Dance/Electronic,1.0
13151,62,2011,Dance/Electronic,1.0
13154,65,2011,Dance/Electronic,1.0
13161,39,2011,Dance/Electronic,1.0
13162,60,2011,Dance/Electronic,1.0
13163,48,2011,Dance/Electronic,1.0
13164,76,2011,Dance/Electronic,1.0
13169,62,2012,Dance/Electronic,1.0
13170,70,2012,Dance/Electronic,1.0
13201,78,2012,Dance/Electronic,1.0
13205,52,2012,Dance/Electronic,1.0
13207,65,2012,Dance/Electronic,1.0
13211,70,2011,Dance/Electronic,1.0
13212,69,2012,Dance/Electronic,1.0
13215,66,2012,Dance/Electronic,1.0
13218,78,2012,Dance/Electronic,1.0
13220,58,2012,Dance/Electronic,1.0
13221,67,2011,Dance/Electronic,1.0
13223,78,2012,Dance/Electronic,1.0
13225,0,2012,Dance/Electronic,1.0
13228,77,2011,Dance/Electronic,1.0
13236,68,2011,Dance/Electronic,1.0
13241,0,2012,Dance/Electronic,1.0
13242,51,2012,Dance/Electronic,1.0
13244,79,2012,Dance/Electronic,1.0
13246,0,2012,Dance/Electronic,1.0
13251,66,2012,Dance/Electronic,1.0
13253,76,2012,Dance/Electronic,1.0
13254,50,2012,Dance/Electronic,1.0
13256,79,2012,Dance/Electronic,1.0
13264,46,2012,Dance/Electronic,1.0
13267,0,2012,Dance/Electronic,1.0
13270,53,2012,Dance/Electronic,1.0
13275,0,2012,Dance/Electronic,1.0
13277,62,2012,Dance/Electronic,1.0
13279,63,2010,Dance/Electronic,1.0
13281,74,2013,Dance/Electronic,1.0
13291,48,2012,Dance/Electronic,1.0
13292,64,2013,Dance/Electronic,1.0
13299,67,2011,Dance/Electronic,1.0
13300,77,2013,Dance/Electronic,1.0
13303,6,2013,Dance/Electronic,1.0
13306,83,2013,Dance/Electronic,1.0
13309,1,2013,Dance/Electronic,1.0
13310,58,2013,Dance/Electronic,1.0
13313,69,2012,Dance/Electronic,1.0
13318,0,2013,Dance/Electronic,1.0
13323,68,2013,Dance/Electronic,1.0
13332,54,2013,Dance/Electronic,1.0
13337,68,2013,Dance/Electronic,1.0
13339,0,2013,Dance/Electronic,1.0
13340,68,2012,Dance/Electronic,1.0
13345,66,2013,Dance/Electronic,1.0
13346,68,2014,Dance/Electronic,1.0
13347,61,2012,Dance/Electronic,1.0
13351,70,2014,Dance/Electronic,1.0
13352,57,2013,Dance/Electronic,1.0
13353,70,2012,Dance/Electronic,1.0
13356,27,2013,Dance/Electronic,1.0
13358,0,2014,Dance/Electronic,1.0
13359,71,2012,Dance/Electronic,1.0
13366,59,2012,Dance/Electronic,1.0
13369,65,2012,Dance/Electronic,1.0
13372,61,2013,Dance/Electronic,1.0
13376,0,2012,Dance/Electronic,1.0
13379,69,2013,Dance/Electronic,1.0
13380,66,2013,Dance/Electronic,1.0
13409,49,2014,Dance/Electronic,1.0
13411,50,2014,Dance/Electronic,1.0
13413,74,2014,Dance/Electronic,1.0
13414,67,2014,Dance/Electronic,1.0
13415,69,2014,Dance/Electronic,1.0
13418,45,2014,Dance/Electronic,1.0
13419,71,2014,Dance/Electronic,1.0
13420,72,2014,Dance/Electronic,1.0
13423,72,2014,Dance/Electronic,1.0
13429,75,2014,Dance/Electronic,1.0
13430,70,2013,Dance/Electronic,1.0
13434,21,2014,Dance/Electronic,1.0
13438,62,2014,Dance/Electronic,1.0
13439,0,2014,Dance/Electronic,1.0
13440,76,2013,Dance/Electronic,1.0
13442,50,2013,Dance/Electronic,1.0
13443,2,2014,Dance/Electronic,1.0
13444,80,2014,Dance/Electronic,1.0
13445,64,2014,Dance/Electronic,1.0
13446,70,2014,Dance/Electronic,1.0
13449,66,2014,Dance/Electronic,1.0
13452,0,2014,Dance/Electronic,1.0
13453,48,2014,Dance/Electronic,1.0
13458,2,2013,Dance/Electronic,1.0
13460,67,2014,Dance/Electronic,1.0
13461,61,2014,Dance/Electronic,1.0
13464,74,2013,Dance/Electronic,1.0
13466,49,2014,Dance/Electronic,1.0
13468,0,2013,Dance/Electronic,1.0
13470,65,2014,Dance/Electronic,1.0
13476,52,2014,Dance/Electronic,1.0
13477,0,2014,Dance/Electronic,1.0
13480,72,2014,Dance/Electronic,1.0
13481,63,2014,Dance/Electronic,1.0
13491,63,2014,Dance/Electronic,1.0
13494,0,2014,Dance/Electronic,1.0
13495,0,2014,Dance/Electronic,1.0
13504,73,2015,Dance/Electronic,1.0
13506,78,2015,Dance/Electronic,1.0
13507,78,2014,Dance/Electronic,1.0
13508,75,2014,Dance/Electronic,1.0
13513,66,2015,Dance/Electronic,1.0
13514,85,2014,Dance/Electronic,1.0
13515,69,2014,Dance/Electronic,1.0
13520,76,2015,Dance/Electronic,1.0
13521,76,2015,Dance/Electronic,1.0
13522,65,2014,Dance/Electronic,1.0
13526,33,2014,Dance/Electronic,1.0
13531,49,2015,Dance/Electronic,1.0
13532,48,2015,Dance/Electronic,1.0
13533,79,2015,Dance/Electronic,1.0
13534,72,2018,Dance/Electronic,1.0
13538,74,2015,Dance/Electronic,1.0
13540,0,2015,Dance/Electronic,1.0
13542,73,2015,Dance/Electronic,1.0
13543,0,2015,Dance/Electronic,1.0
13553,66,2014,Dance/Electronic,1.0
13556,73,2017,Dance/Electronic,1.0
13567,74,2016,Dance/Electronic,1.0
13575,47,2015,Dance/Electronic,1.0
13578,76,2016,Dance/Electronic,1.0
13580,71,2015,Dance/Electronic,1.0
13584,74,2015,Dance/Electronic,1.0
13585,0,2015,Dance/Electronic,1.0
13589,0,2015,Dance/Electronic,1.0
13590,67,2015,Dance/Electronic,1.0
13592,66,2018,Dance/Electronic,1.0
13597,55,2015,Dance/Electronic,1.0
13603,83,2016,Dance/Electronic,1.0
13606,72,2016,Dance/Electronic,1.0
13613,86,2015,Dance/Electronic,1.0
13616,68,2016,Dance/Electronic,1.0
13617,0,2016,Dance/Electronic,1.0
13621,67,2016,Dance/Electronic,1.0
13622,79,2016,Dance/Electronic,1.0
13623,62,2016,Dance/Electronic,1.0
13624,51,2016,Dance/Electronic,1.0
13626,0,2016,Dance/Electronic,1.0
13629,76,2016,Dance/Electronic,1.0
13630,78,2018,Dance/Electronic,1.0
13631,0,2016,Dance/Electronic,1.0
13632,81,2016,Dance/Electronic,1.0
13633,79,2016,Dance/Electronic,1.0
13634,77,2016,Dance/Electronic,1.0
13638,71,2016,Dance/Electronic,1.0
13641,74,2016,Dance/Electronic,1.0
13646,57,2016,Dance/Electronic,1.0
13648,0,2016,Dance/Electronic,1.0
13650,45,2015,Dance/Electronic,1.0
13651,70,2016,Dance/Electronic,1.0
13657,0,2016,Dance/Electronic,1.0
13661,55,2016,Dance/Electronic,1.0
13662,51,2016,Dance/Electronic,1.0
13663,55,2015,Dance/Electronic,1.0
13664,0,2016,Dance/Electronic,1.0
13667,59,2016,Dance/Electronic,1.0
13669,0,2016,Dance/Electronic,1.0
13670,46,2015,Dance/Electronic,1.0
13674,0,2016,Dance/Electronic,1.0
13675,0,2016,Dance/Electronic,1.0
13676,73,2015,Dance/Electronic,1.0
13680,63,2016,Dance/Electronic,1.0
13681,60,2016,Dance/Electronic,1.0
13682,1,2015,Dance/Electronic,1.0
13683,0,2016,Dance/Electronic,1.0
13690,1,2016,Dance/Electronic,1.0
13692,53,2016,Dance/Electronic,1.0
13694,66,2016,Dance/Electronic,1.0
13704,75,2016,Dance/Electronic,1.0
13708,83,2017,Dance/Electronic,1.0
13711,83,2016,Dance/Electronic,1.0
13712,84,2017,Dance/Electronic,1.0
13721,0,2017,Dance/Electronic,1.0
13722,77,2017,Dance/Electronic,1.0
13724,1,2016,Dance/Electronic,1.0
13726,67,2017,Dance/Electronic,1.0
13727,0,2017,Dance/Electronic,1.0
13736,58,2017,Dance/Electronic,1.0
13742,62,2017,Dance/Electronic,1.0
13743,57,2017,Dance/Electronic,1.0
13745,4,2017,Dance/Electronic,1.0
13755,77,2017,Dance/Electronic,1.0
13756,51,2017,Dance/Electronic,1.0
13757,0,2016,Dance/Electronic,1.0
13759,67,2017,Dance/Electronic,1.0
13767,57,2017,Dance/Electronic,1.0
13770,77,2017,Dance/Electronic,1.0
13771,0,2017,Dance/Electronic,1.0
13774,79,2017,Dance/Electronic,1.0
13779,47,2019,Dance/Electronic,1.0
13783,0,2016,Dance/Electronic,1.0
13786,48,2016,Dance/Electronic,1.0
13792,73,2017,Dance/Electronic,1.0
13795,53,2017,Dance/Electronic,1.0
13796,68,2017,Dance/Electronic,1.0
13798,8,2017,Dance/Electronic,1.0
13799,75,2017,Dance/Electronic,1.0
13804,78,2018,Dance/Electronic,1.0
13806,80,2018,Dance/Electronic,1.0
13807,78,2018,Dance/Electronic,1.0
13812,81,2018,Dance/Electronic,1.0
13814,81,2018,Dance/Electronic,1.0
13816,76,2018,Dance/Electronic,1.0
13817,71,2018,Dance/Electronic,1.0
13819,86,2018,Dance/Electronic,1.0
13821,71,2018,Dance/Electronic,1.0
13832,58,2017,Dance/Electronic,1.0
13833,69,2018,Dance/Electronic,1.0
13843,82,2018,Dance/Electronic,1.0
13845,72,2018,Dance/Electronic,1.0
13848,80,2017,Dance/Electronic,1.0
13850,0,2017,Dance/Electronic,1.0
13857,70,2018,Dance/Electronic,1.0
13858,59,2018,Dance/Electronic,1.0
13864,82,2018,Dance/Electronic,1.0
13870,60,2018,Dance/Electronic,1.0
13875,65,2017,Dance/Electronic,1.0
13876,63,2017,Dance/Electronic,1.0
13877,56,2018,Dance/Electronic,1.0
13881,80,2018,Dance/Electronic,1.0
13883,71,2018,Dance/Electronic,1.0
13885,72,2017,Dance/Electronic,1.0
13888,54,2018,Dance/Electronic,1.0
13891,75,2018,Dance/Electronic,1.0
13893,81,2018,Dance/Electronic,1.0
13894,73,2018,Dance/Electronic,1.0
13901,83,2019,Dance/Electronic,1.0
13905,84,2019,Dance/Electronic,1.0
13906,77,2018,Dance/Electronic,1.0
13907,81,2019,Dance/Electronic,1.0
13911,60,2019,Dance/Electronic,1.0
13916,82,2018,Dance/Electronic,1.0
13919,75,2019,Dance/Electronic,1.0
13921,81,2018,Dance/Electronic,1.0
13922,0,2019,Dance/Electronic,1.0
13924,70,2019,Dance/Electronic,1.0
13929,86,2018,Dance/Electronic,1.0
13930,77,2019,Dance/Electronic,1.0
13937,72,2019,Dance/Electronic,1.0
13954,73,2019,Dance/Electronic,1.0
13957,64,2019,Dance/Electronic,1.0
13968,69,2019,Dance/Electronic,1.0
13969,75,2019,Dance/Electronic,1.0
13971,64,2019,Dance/Electronic,1.0
13974,71,2019,Dance/Electronic,1.0
13978,64,2019,Dance/Electronic,1.0
13981,69,2019,Dance/Electronic,1.0
13986,2,2019,Dance/Electronic,1.0
13989,73,2019,Dance/Electronic,1.0
13993,63,2019,Dance/Electronic,1.0
14021,65,1999,Folk/Acoustic,1.0
14059,0,2000,Folk/Acoustic,1.0
14093,68,2000,Folk/Acoustic,1.0
14167,69,2000,Folk/Acoustic,1.0
14203,75,2002,Folk/Acoustic,1.0
14285,57,2002,Folk/Acoustic,1.0
14293,60,2001,Folk/Acoustic,1.0
14339,58,2008,Folk/Acoustic,1.0
14544,56,2005,Folk/Acoustic,1.0
14557,52,2005,Folk/Acoustic,1.0
14592,71,2005,Folk/Acoustic,1.0
14686,64,2005,Folk/Acoustic,1.0
14887,51,2008,Folk/Acoustic,1.0
14998,68,2009,Folk/Acoustic,1.0
15190,79,2011,Folk/Acoustic,1.0
15383,79,2012,Folk/Acoustic,1.0
15551,71,2016,Folk/Acoustic,1.0
15571,81,2014,Folk/Acoustic,1.0
15697,0,2016,Folk/Acoustic,1.0
15735,80,2017,Folk/Acoustic,1.0
16021,65,1999,easy listening,1.0
16060,58,2010,easy listening,1.0
16281,60,2002,easy listening,1.0
16486,55,2003,easy listening,1.0
16564,60,2005,easy listening,1.0
16891,60,2008,easy listening,1.0
17884,72,2017,easy listening,1.0
18040,54,1999,latin,1.0
18051,60,2000,latin,1.0
18069,66,1999,latin,1.0
18088,56,1999,latin,1.0
18105,1,2000,latin,1.0
18106,74,2001,latin,1.0
18138,52,2008,latin,1.0
18162,1,2000,latin,1.0
18205,64,2001,latin,1.0
18295,56,2001,latin,1.0
18324,73,2003,latin,1.0
18406,11,2004,latin,1.0
18431,73,2003,latin,1.0
18434,70,2004,latin,1.0
18439,37,2003,latin,1.0
18525,4,2005,latin,1.0
18536,72,2005,latin,1.0
18600,82,2005,latin,1.0
18608,79,2006,latin,1.0
18614,82,2006,latin,1.0
18709,81,2006,latin,1.0
18765,45,2007,latin,1.0
18864,57,2007,latin,1.0
18906,63,2009,latin,1.0
18916,59,2009,latin,1.0
18921,68,2009,latin,1.0
19014,0,2011,latin,1.0
19047,63,2010,latin,1.0
19105,71,2011,latin,1.0
19118,81,2011,latin,1.0
19125,63,2010,latin,1.0
19204,74,2011,latin,1.0
19240,0,2012,latin,1.0
19314,77,2012,latin,1.0
19329,64,2012,latin,1.0
19431,80,2012,latin,1.0
19437,78,2014,latin,1.0
19457,66,2014,latin,1.0
19537,80,2014,latin,1.0
19599,51,2017,latin,1.0
19649,68,2016,latin,1.0
19702,0,2017,latin,1.0
19723,53,2017,latin,1.0
19738,74,2017,latin,1.0
19748,70,2017,latin,1.0
19789,0,2017,latin,1.0
19825,76,2018,latin,1.0
19827,74,2019,latin,1.0
19829,69,2018,latin,1.0
19847,65,2018,latin,1.0
19854,69,2018,latin,1.0
19859,72,2018,latin,1.0
19872,1,2018,latin,1.0
19874,62,2017,latin,1.0
19879,71,2018,latin,1.0
19915,79,2019,latin,1.0
19937,72,2019,latin,1.0
19940,77,2018,latin,1.0
19945,76,2019,latin,1.0
19960,81,2019,latin,1.0
19962,74,2018,latin,1.0
19964,70,2019,latin,1.0
19980,75,2019,latin,1.0
19983,71,2019,latin,1.0
20069,66,1999,blues,1.0
20330,3,2003,blues,1.0
20842,56,2007,blues,1.0
20864,57,2007,blues,1.0
22095,71,1999,set(),1.0
22216,66,2002,set(),1.0
22291,40,2012,set(),1.0
22428,57,2004,set(),1.0
22455,51,2004,set(),1.0
22481,64,2004,set(),1.0
22545,42,2004,set(),1.0
22645,46,2005,set(),1.0
22710,43,2012,set(),1.0
22729,17,2006,set(),1.0
22793,58,2007,set(),1.0
22794,56,2007,set(),1.0
22949,65,2009,set(),1.0
23057,57,2009,set(),1.0
23271,57,2011,set(),1.0
23320,74,2013,set(),1.0
23406,80,2014,set(),1.0
23454,73,2014,set(),1.0
23487,66,2014,set(),1.0
23773,57,2016,set(),1.0
23841,67,2018,set(),1.0
23976,57,2019,set(),1.0
24167,69,2000,World/Traditional,1.0
24311,61,2003,World/Traditional,1.0
24460,64,2004,World/Traditional,1.0
24592,71,2005,World/Traditional,1.0
24595,56,2004,World/Traditional,1.0
24686,64,2005,World/Traditional,1.0
24690,35,2006,World/Traditional,1.0
24692,61,2006,World/Traditional,1.0
25083,0,2010,World/Traditional,1.0
25991,57,2020,World/Traditional,1.0
26486,55,2003,jazz,1.0
26564,60,2005,jazz,1.0
29529,63,2015,classical,1.0
